GAS LISTING /tmp/cc5tsL4D.s 			page 1


   1              		.file	"riscv.cpp"
   2              		.option pic
   3              		.option norelax
   4              		.text
   5              	.Ltext0:
   6              		.align	2
   7              		.globl	_ZN5Riscv10popSppSpieEv
   9              	_ZN5Riscv10popSppSpieEv:
  10              	.LFB59:
  11              		.file 1 "src/riscv.cpp"
   1:src/riscv.cpp **** //
   2:src/riscv.cpp **** // Created by marko on 20.4.22..
   3:src/riscv.cpp **** //
   4:src/riscv.cpp **** 
   5:src/riscv.cpp **** #include "../h/riscv.hpp"
   6:src/riscv.cpp **** #include "../h/tcb.hpp"
   7:src/riscv.cpp **** #include "../lib/console.h"
   8:src/riscv.cpp **** #include "../lib/hw.h"
   9:src/riscv.cpp **** 
  10:src/riscv.cpp **** #include "../h/MemoryAllocator.hpp"
  11:src/riscv.cpp **** #include "../h/print.hpp"
  12:src/riscv.cpp **** #include "../h/Semaphore.hpp"
  13:src/riscv.cpp **** 
  14:src/riscv.cpp **** 
  15:src/riscv.cpp **** 
  16:src/riscv.cpp **** void Riscv::popSppSpie() {
  12              		.loc 1 16 26
  13              		.cfi_startproc
  14 0000 130101FF 		addi	sp,sp,-16
  15              		.cfi_def_cfa_offset 16
  16 0004 23348100 		sd	s0,8(sp)
  17              		.cfi_offset 8, -8
  18 0008 13040101 		addi	s0,sp,16
  19              		.cfi_def_cfa 8, 0
  17:src/riscv.cpp ****     mc_sstatus(SSTATUS_SPP);
  20              		.loc 1 17 5
  21              	.LVL0:
  22              	.LBB57:
  23              	.LBB58:
  24              		.file 2 "src/../h/riscv.hpp"
   1:src/../h/riscv.hpp **** //
   2:src/../h/riscv.hpp **** // Created by marko on 20.4.22..
   3:src/../h/riscv.hpp **** //
   4:src/../h/riscv.hpp **** 
   5:src/../h/riscv.hpp **** #ifndef OS1_VEZBE07_RISCV_CONTEXT_SWITCH_2_INTERRUPT_RISCV_HPP
   6:src/../h/riscv.hpp **** #define OS1_VEZBE07_RISCV_CONTEXT_SWITCH_2_INTERRUPT_RISCV_HPP
   7:src/../h/riscv.hpp **** 
   8:src/../h/riscv.hpp **** #include "../lib/hw.h"
   9:src/../h/riscv.hpp **** 
  10:src/../h/riscv.hpp **** class Riscv
  11:src/../h/riscv.hpp **** {
  12:src/../h/riscv.hpp **** public:
  13:src/../h/riscv.hpp **** 
  14:src/../h/riscv.hpp ****     // pop sstatus.spp and sstatus.spie bits (has to be a non inline function)
  15:src/../h/riscv.hpp ****     static void popSppSpie();
  16:src/../h/riscv.hpp **** 
  17:src/../h/riscv.hpp ****     // read register scause
GAS LISTING /tmp/cc5tsL4D.s 			page 2


  18:src/../h/riscv.hpp ****     static uint64 r_scause();
  19:src/../h/riscv.hpp **** 
  20:src/../h/riscv.hpp ****     // write register scause
  21:src/../h/riscv.hpp ****     static void w_scause(uint64 scause);
  22:src/../h/riscv.hpp **** 
  23:src/../h/riscv.hpp ****     // read register sepc
  24:src/../h/riscv.hpp ****     static uint64 r_sepc();
  25:src/../h/riscv.hpp **** 
  26:src/../h/riscv.hpp ****     // write register sepc
  27:src/../h/riscv.hpp ****     static void w_sepc(uint64 sepc);
  28:src/../h/riscv.hpp **** 
  29:src/../h/riscv.hpp ****     // read register stvec
  30:src/../h/riscv.hpp ****     static uint64 r_stvec();
  31:src/../h/riscv.hpp **** 
  32:src/../h/riscv.hpp ****     // write register stvec
  33:src/../h/riscv.hpp ****     static void w_stvec(uint64 stvec);
  34:src/../h/riscv.hpp **** 
  35:src/../h/riscv.hpp ****     // read register stval
  36:src/../h/riscv.hpp ****     static uint64 r_stval();
  37:src/../h/riscv.hpp **** 
  38:src/../h/riscv.hpp ****     // write register stval
  39:src/../h/riscv.hpp ****     static void w_stval(uint64 stval);
  40:src/../h/riscv.hpp **** 
  41:src/../h/riscv.hpp ****     enum BitMaskSip
  42:src/../h/riscv.hpp ****     {
  43:src/../h/riscv.hpp ****         SIP_SSIP = (1 << 1),
  44:src/../h/riscv.hpp ****         SIP_STIP = (1 << 5),
  45:src/../h/riscv.hpp ****         SIP_SEIP = (1 << 9),
  46:src/../h/riscv.hpp ****     };
  47:src/../h/riscv.hpp **** 
  48:src/../h/riscv.hpp ****     // mask set register sip
  49:src/../h/riscv.hpp ****     static void ms_sip(uint64 mask);
  50:src/../h/riscv.hpp **** 
  51:src/../h/riscv.hpp ****     // mask clear register sip
  52:src/../h/riscv.hpp ****     static void mc_sip(uint64 mask);
  53:src/../h/riscv.hpp **** 
  54:src/../h/riscv.hpp ****     // read register sip
  55:src/../h/riscv.hpp ****     static uint64 r_sip();
  56:src/../h/riscv.hpp **** 
  57:src/../h/riscv.hpp ****     // write register sip
  58:src/../h/riscv.hpp ****     static void w_sip(uint64 sip);
  59:src/../h/riscv.hpp **** 
  60:src/../h/riscv.hpp ****     enum BitMaskSstatus
  61:src/../h/riscv.hpp ****     {
  62:src/../h/riscv.hpp ****         SSTATUS_SIE = (1 << 1),
  63:src/../h/riscv.hpp ****         SSTATUS_SPIE = (1 << 5),
  64:src/../h/riscv.hpp ****         SSTATUS_SPP = (1 << 8),
  65:src/../h/riscv.hpp ****     };
  66:src/../h/riscv.hpp ****     //read a0 reg
  67:src/../h/riscv.hpp ****     static uint64 r_a0();
  68:src/../h/riscv.hpp ****     //write a0 reg;
  69:src/../h/riscv.hpp ****     static void w_a0(uint64 writeValue);
  70:src/../h/riscv.hpp **** 
  71:src/../h/riscv.hpp ****     // mask set register sstatus
  72:src/../h/riscv.hpp ****     static void ms_sstatus(uint64 mask);
  73:src/../h/riscv.hpp **** 
  74:src/../h/riscv.hpp ****     // mask clear register sstatus
GAS LISTING /tmp/cc5tsL4D.s 			page 3


  75:src/../h/riscv.hpp ****     static void mc_sstatus(uint64 mask);
  76:src/../h/riscv.hpp **** 
  77:src/../h/riscv.hpp ****     // read register sstatus
  78:src/../h/riscv.hpp ****     static uint64 r_sstatus();
  79:src/../h/riscv.hpp **** 
  80:src/../h/riscv.hpp ****     // write register sstatus
  81:src/../h/riscv.hpp ****     static void w_sstatus(uint64 sstatus);
  82:src/../h/riscv.hpp **** 
  83:src/../h/riscv.hpp ****     // supervisor trap
  84:src/../h/riscv.hpp ****     static void supervisorTrap();
  85:src/../h/riscv.hpp **** 
  86:src/../h/riscv.hpp **** private:
  87:src/../h/riscv.hpp **** 
  88:src/../h/riscv.hpp ****     // supervisor trap handler
  89:src/../h/riscv.hpp ****     static void handleSupervisorTrap();
  90:src/../h/riscv.hpp **** 
  91:src/../h/riscv.hpp ****     static void handleConsoleInterrupt();
  92:src/../h/riscv.hpp **** 
  93:src/../h/riscv.hpp ****     static void handleTimerInterrupt();
  94:src/../h/riscv.hpp **** 
  95:src/../h/riscv.hpp **** };
  96:src/../h/riscv.hpp **** 
  97:src/../h/riscv.hpp **** inline uint64 Riscv::r_scause()
  98:src/../h/riscv.hpp **** {
  99:src/../h/riscv.hpp ****     uint64 volatile scause;
 100:src/../h/riscv.hpp ****     __asm__ volatile ("csrr %[scause], scause" : [scause] "=r"(scause));
 101:src/../h/riscv.hpp ****     return scause;
 102:src/../h/riscv.hpp **** }
 103:src/../h/riscv.hpp **** 
 104:src/../h/riscv.hpp **** inline void Riscv::w_scause(uint64 scause)
 105:src/../h/riscv.hpp **** {
 106:src/../h/riscv.hpp ****     __asm__ volatile ("csrw scause, %[scause]" : : [scause] "r"(scause));
 107:src/../h/riscv.hpp **** }
 108:src/../h/riscv.hpp **** 
 109:src/../h/riscv.hpp **** inline uint64 Riscv::r_sepc()
 110:src/../h/riscv.hpp **** {
 111:src/../h/riscv.hpp ****     uint64 volatile sepc;
 112:src/../h/riscv.hpp ****     __asm__ volatile ("csrr %[sepc], sepc" : [sepc] "=r"(sepc));
 113:src/../h/riscv.hpp ****     return sepc;
 114:src/../h/riscv.hpp **** }
 115:src/../h/riscv.hpp **** 
 116:src/../h/riscv.hpp **** inline void Riscv::w_sepc(uint64 sepc)
 117:src/../h/riscv.hpp **** {
 118:src/../h/riscv.hpp ****     __asm__ volatile ("csrw sepc, %[sepc]" : : [sepc] "r"(sepc));
 119:src/../h/riscv.hpp **** }
 120:src/../h/riscv.hpp **** 
 121:src/../h/riscv.hpp **** inline uint64 Riscv::r_stvec()
 122:src/../h/riscv.hpp **** {
 123:src/../h/riscv.hpp ****     uint64 volatile stvec;
 124:src/../h/riscv.hpp ****     __asm__ volatile ("csrr %[stvec], stvec" : [stvec] "=r"(stvec));
 125:src/../h/riscv.hpp ****     return stvec;
 126:src/../h/riscv.hpp **** }
 127:src/../h/riscv.hpp **** 
 128:src/../h/riscv.hpp **** inline void Riscv::w_stvec(uint64 stvec)
 129:src/../h/riscv.hpp **** {
 130:src/../h/riscv.hpp ****     __asm__ volatile ("csrw stvec, %[stvec]" : : [stvec] "r"(stvec));
 131:src/../h/riscv.hpp **** }
GAS LISTING /tmp/cc5tsL4D.s 			page 4


 132:src/../h/riscv.hpp **** 
 133:src/../h/riscv.hpp **** inline uint64 Riscv::r_stval()
 134:src/../h/riscv.hpp **** {
 135:src/../h/riscv.hpp ****     uint64 volatile stval;
 136:src/../h/riscv.hpp ****     __asm__ volatile ("csrr %[stval], stval" : [stval] "=r"(stval));
 137:src/../h/riscv.hpp ****     return stval;
 138:src/../h/riscv.hpp **** }
 139:src/../h/riscv.hpp **** 
 140:src/../h/riscv.hpp **** inline void Riscv::w_stval(uint64 stval)
 141:src/../h/riscv.hpp **** {
 142:src/../h/riscv.hpp ****     __asm__ volatile ("csrw stval, %[stval]" : : [stval] "r"(stval));
 143:src/../h/riscv.hpp **** }
 144:src/../h/riscv.hpp **** 
 145:src/../h/riscv.hpp **** inline void Riscv::ms_sip(uint64 mask)
 146:src/../h/riscv.hpp **** {
 147:src/../h/riscv.hpp ****     __asm__ volatile ("csrs sip, %[mask]" : : [mask] "r"(mask));
 148:src/../h/riscv.hpp **** }
 149:src/../h/riscv.hpp **** 
 150:src/../h/riscv.hpp **** inline void Riscv::mc_sip(uint64 mask)
 151:src/../h/riscv.hpp **** {
 152:src/../h/riscv.hpp ****     __asm__ volatile ("csrc sip, %[mask]" : : [mask] "r"(mask));
 153:src/../h/riscv.hpp **** }
 154:src/../h/riscv.hpp **** 
 155:src/../h/riscv.hpp **** inline uint64 Riscv::r_sip()
 156:src/../h/riscv.hpp **** {
 157:src/../h/riscv.hpp ****     uint64 volatile sip;
 158:src/../h/riscv.hpp ****     __asm__ volatile ("csrr %[sip], sip" : [sip] "=r"(sip));
 159:src/../h/riscv.hpp ****     return sip;
 160:src/../h/riscv.hpp **** }
 161:src/../h/riscv.hpp **** 
 162:src/../h/riscv.hpp **** inline void Riscv::w_sip(uint64 sip)
 163:src/../h/riscv.hpp **** {
 164:src/../h/riscv.hpp ****     __asm__ volatile ("csrw sip, %[sip]" : : [sip] "r"(sip));
 165:src/../h/riscv.hpp **** }
 166:src/../h/riscv.hpp **** 
 167:src/../h/riscv.hpp **** inline void Riscv::ms_sstatus(uint64 mask)
 168:src/../h/riscv.hpp **** {
 169:src/../h/riscv.hpp ****     __asm__ volatile ("csrs sstatus, %[mask]" : : [mask] "r"(mask));
 170:src/../h/riscv.hpp **** }
 171:src/../h/riscv.hpp **** 
 172:src/../h/riscv.hpp **** inline void Riscv::mc_sstatus(uint64 mask)
 173:src/../h/riscv.hpp **** {
 174:src/../h/riscv.hpp ****     __asm__ volatile ("csrc sstatus, %[mask]" : : [mask] "r"(mask));
  25              		.loc 2 174 5
  26              		.loc 2 174 68 is_stmt 0
  27 000c 93070010 		li	a5,256
  28              	#APP
  29              	# 174 "src/../h/riscv.hpp" 1
 175              	}
  30              		csrc sstatus, a5
  31              	# 0 "" 2
  32              	.LVL1:
  33              	#NO_APP
  34              	.LBE58:
  35              	.LBE57:
  18:src/riscv.cpp ****     __asm__ volatile ("csrw sepc, ra");
  36              		.loc 1 18 5 is_stmt 1
GAS LISTING /tmp/cc5tsL4D.s 			page 5


  37              		.loc 1 18 39 is_stmt 0
  38              	#APP
  39              	# 18 "src/riscv.cpp" 1
  19              	    __asm__ volatile ("sret");
  40              		csrw sepc, ra
  41              	# 0 "" 2
  42              		.loc 1 19 5 is_stmt 1
  43              		.loc 1 19 30 is_stmt 0
  44              	# 19 "src/riscv.cpp" 1
  20              	}
  45              		sret
  46              	# 0 "" 2
  47              		.loc 1 20 1
  48              	#NO_APP
  49 001c 03348100 		ld	s0,8(sp)
  50              		.cfi_restore 8
  51              		.cfi_def_cfa 2, 16
  52 0020 13010101 		addi	sp,sp,16
  53              		.cfi_def_cfa_offset 0
  54 0024 67800000 		jr	ra
  55              		.cfi_endproc
  56              	.LFE59:
  58              		.section	.rodata.str1.8,"aMS",@progbits,1
  59              		.align	3
  60              	.LC0:
  61 0000 4572726F 		.string	"Error:"
  61      723A00
  62 0007 00       		.align	3
  63              	.LC1:
  64 0008 5072656B 		.string	"Prekid na adresi (sepc): 0x"
  64      6964206E 
  64      61206164 
  64      72657369 
  64      20287365 
  65 0024 00000000 		.align	3
  66              	.LC2:
  67 0028 0A00     		.string	"\n"
  68              		.text
  69              		.align	2
  70              		.globl	_ZN5Riscv20handleSupervisorTrapEv
  72              	_ZN5Riscv20handleSupervisorTrapEv:
  73              	.LFB60:
  21:src/riscv.cpp **** 
  22:src/riscv.cpp **** void Riscv::handleSupervisorTrap()
  23:src/riscv.cpp **** {
  74              		.loc 1 23 1 is_stmt 1
  75              		.cfi_startproc
  76 0028 130101FB 		addi	sp,sp,-80
  77              		.cfi_def_cfa_offset 80
  78 002c 23341104 		sd	ra,72(sp)
  79 0030 23308104 		sd	s0,64(sp)
  80 0034 233C9102 		sd	s1,56(sp)
  81 0038 23382103 		sd	s2,48(sp)
  82              		.cfi_offset 1, -8
  83              		.cfi_offset 8, -16
  84              		.cfi_offset 9, -24
  85              		.cfi_offset 18, -32
GAS LISTING /tmp/cc5tsL4D.s 			page 6


  86 003c 13040105 		addi	s0,sp,80
  87              		.cfi_def_cfa 8, 0
  24:src/riscv.cpp ****     uint64 scause = r_scause();
  88              		.loc 1 24 5
  89              	.LBB59:
  90              	.LBB60:
  99:src/../h/riscv.hpp ****     __asm__ volatile ("csrr %[scause], scause" : [scause] "=r"(scause));
  91              		.loc 2 99 5
 100:src/../h/riscv.hpp ****     return scause;
  92              		.loc 2 100 5
 100:src/../h/riscv.hpp ****     return scause;
  93              		.loc 2 100 72 is_stmt 0
  94              	#APP
  95              	# 100 "src/../h/riscv.hpp" 1
  96              		csrr a5, scause
  97              	# 0 "" 2
  98              	#NO_APP
  99 0044 2330F4FC 		sd	a5,-64(s0)
 101:src/../h/riscv.hpp **** }
 100              		.loc 2 101 5 is_stmt 1
 101:src/../h/riscv.hpp **** }
 101              		.loc 2 101 12 is_stmt 0
 102 0048 833404FC 		ld	s1,-64(s0)
 103              	.LVL2:
 104              	.LBE60:
 105              	.LBE59:
  25:src/riscv.cpp ****     if (scause == 0x0000000000000008UL || scause == 0x0000000000000009UL)
 106              		.loc 1 25 5 is_stmt 1
 107              	.LBB61:
 108              		.loc 1 25 40 is_stmt 0
 109 004c 138784FF 		addi	a4,s1,-8
 110              		.loc 1 25 5
 111 0050 93071000 		li	a5,1
 112 0054 63FAE706 		bleu	a4,a5,.L35
 113              	.LBE61:
  26:src/riscv.cpp ****     {
  27:src/riscv.cpp ****         // interrupt: no; cause code: environment call from U-mode(8) or S-mode(9)
  28:src/riscv.cpp ****         uint64 volatile sepc = r_sepc() + 4;
  29:src/riscv.cpp ****         uint64 volatile sstatus = r_sstatus();
  30:src/riscv.cpp **** 
  31:src/riscv.cpp **** 
  32:src/riscv.cpp ****         uint64 broj = Riscv::r_a0();
  33:src/riscv.cpp ****         int returnVal;
  34:src/riscv.cpp ****         switch (broj) {
  35:src/riscv.cpp ****             case 0x01:
  36:src/riscv.cpp ****                 size_t size;
  37:src/riscv.cpp ****                 void *ptr;
  38:src/riscv.cpp **** 
  39:src/riscv.cpp ****                 __asm__ volatile("mv %0,a1":"=r"(size));
  40:src/riscv.cpp ****                 ptr = MemoryAllocator::mem_alloc(size);
  41:src/riscv.cpp ****                 __asm__ volatile("mv t0, %0" : : "r"(ptr));
  42:src/riscv.cpp ****                 __asm__ volatile("sw t0, 80(x8)");
  43:src/riscv.cpp ****                 break;
  44:src/riscv.cpp ****             case 0x02:
  45:src/riscv.cpp ****                 void *freePtr;
  46:src/riscv.cpp ****                 __asm__ volatile("mv %0,a1":"=r"(freePtr));
  47:src/riscv.cpp **** 
GAS LISTING /tmp/cc5tsL4D.s 			page 7


  48:src/riscv.cpp ****                 returnVal = MemoryAllocator::mem_free(freePtr);
  49:src/riscv.cpp ****                 __asm__ volatile("mv t0,%0":"=r"(returnVal));
  50:src/riscv.cpp ****                 __asm__ volatile("sw t0, 80(x8)");
  51:src/riscv.cpp ****                 break;
  52:src/riscv.cpp ****             case 0x10: {
  53:src/riscv.cpp ****                 TCB* tcb;
  54:src/riscv.cpp ****                 __asm__ volatile("mv %0, a1" : "=r"(tcb));
  55:src/riscv.cpp ****                 TCB::thread_start(tcb);
  56:src/riscv.cpp ****                 break;
  57:src/riscv.cpp ****             }
  58:src/riscv.cpp **** 
  59:src/riscv.cpp ****             case 0x09: {
  60:src/riscv.cpp ****                 TCB *main = TCB::createMainThread();
  61:src/riscv.cpp ****                 TCB::running = main;
  62:src/riscv.cpp ****                 __asm__ volatile ("li t0, 0");
  63:src/riscv.cpp ****                 __asm__ volatile ("sw t0, 80(x8)");
  64:src/riscv.cpp ****                 break;
  65:src/riscv.cpp ****             }
  66:src/riscv.cpp **** 
  67:src/riscv.cpp ****             case 0x11:
  68:src/riscv.cpp ****                 TCB** tcb;
  69:src/riscv.cpp ****                 TCB::Body body;
  70:src/riscv.cpp ****                 void* arg;
  71:src/riscv.cpp ****                 __asm__ volatile ("mv %0, a1" : "=r" (tcb));
  72:src/riscv.cpp ****                 __asm__ volatile ("mv %0, a2" : "=r" (body));
  73:src/riscv.cpp ****                 __asm__ volatile ("mv %0, a3" : "=r" (arg));
  74:src/riscv.cpp ****                 *tcb = TCB::createThread(body, arg);
  75:src/riscv.cpp ****                 if(*tcb != nullptr) {
  76:src/riscv.cpp ****                    // __asm__ volatile ("li a0, 0");
  77:src/riscv.cpp ****                     __asm__ volatile ("li t0, 0");
  78:src/riscv.cpp ****                     __asm__ volatile ("sd t0, 80(x8)");
  79:src/riscv.cpp ****                 }
  80:src/riscv.cpp ****                 else {
  81:src/riscv.cpp ****                     //__asm__ volatile ("li a0, -1");
  82:src/riscv.cpp ****                     __asm__ volatile ("li t0, -1");
  83:src/riscv.cpp ****                     __asm__ volatile ("sd t0, 80(x8)");
  84:src/riscv.cpp ****                 }
  85:src/riscv.cpp ****                 break;
  86:src/riscv.cpp **** 
  87:src/riscv.cpp **** 
  88:src/riscv.cpp ****             case 0x12:
  89:src/riscv.cpp ****                 TCB::running->setFinished(true);
  90:src/riscv.cpp ****                 TCB::dispatch();
  91:src/riscv.cpp **** 
  92:src/riscv.cpp ****                 __asm__ volatile("li t0,0");
  93:src/riscv.cpp ****                 __asm__ volatile("sw t0,80(x8)");
  94:src/riscv.cpp ****                 break;
  95:src/riscv.cpp ****             case 0x13:
  96:src/riscv.cpp ****                 TCB::dispatch();
  97:src/riscv.cpp **** 
  98:src/riscv.cpp ****                 break;
  99:src/riscv.cpp ****             default:
 100:src/riscv.cpp ****                 break;
 101:src/riscv.cpp ****             case 0x15:
 102:src/riscv.cpp ****                 TCB** TcbNoStart;
 103:src/riscv.cpp ****                 TCB::Body bodyNoStart;
 104:src/riscv.cpp ****                 void* argNoStart;
GAS LISTING /tmp/cc5tsL4D.s 			page 8


 105:src/riscv.cpp ****                 __asm__ volatile ("mv %0, a1" : "=r" (TcbNoStart));
 106:src/riscv.cpp ****                 __asm__ volatile ("mv %0, a2" : "=r" (bodyNoStart));
 107:src/riscv.cpp ****                 __asm__ volatile ("mv %0, a3" : "=r" (argNoStart));
 108:src/riscv.cpp ****                 *TcbNoStart = TCB::createThreadNoStart(bodyNoStart, argNoStart);
 109:src/riscv.cpp ****                 if(*TcbNoStart != nullptr) {
 110:src/riscv.cpp ****                     // __asm__ volatile ("li a0, 0");
 111:src/riscv.cpp ****                     __asm__ volatile ("li t0, 0");
 112:src/riscv.cpp ****                     __asm__ volatile ("sd t0, 80(x8)");
 113:src/riscv.cpp ****                 }
 114:src/riscv.cpp ****                 else {
 115:src/riscv.cpp ****                     //__asm__ volatile ("li a0, -1");
 116:src/riscv.cpp ****                     __asm__ volatile ("li t0, -1");
 117:src/riscv.cpp ****                     __asm__ volatile ("sd t0, 80(x8)");
 118:src/riscv.cpp ****                 }
 119:src/riscv.cpp ****             case 0x21: {
 120:src/riscv.cpp ****                 MySemaphore** semHandle;
 121:src/riscv.cpp ****                 unsigned init;
 122:src/riscv.cpp ****                 __asm__ volatile ("mv %0, a1" : "=r" (semHandle));
 123:src/riscv.cpp ****                 __asm__ volatile ("mv %0, a2" : "=r" (init));
 124:src/riscv.cpp ****                 *semHandle = MySemaphore::createSemaphore(init);
 125:src/riscv.cpp ****                 if (*semHandle != nullptr) {
 126:src/riscv.cpp ****                     __asm__ volatile ("li a0, 0");
 127:src/riscv.cpp ****                 } else {
 128:src/riscv.cpp ****                     __asm__ volatile ("li a0, -1");
 129:src/riscv.cpp ****                 }
 130:src/riscv.cpp ****                 break;
 131:src/riscv.cpp ****             }
 132:src/riscv.cpp **** 
 133:src/riscv.cpp ****             case 0x22: {
 134:src/riscv.cpp ****                 MySemaphore* sem;
 135:src/riscv.cpp ****                 __asm__ volatile ("mv %0, a1" : "=r"(sem));
 136:src/riscv.cpp ****                 if (sem != nullptr) {
 137:src/riscv.cpp ****                     returnVal = sem->close();
 138:src/riscv.cpp ****                 } else {
 139:src/riscv.cpp ****                     returnVal = -1;
 140:src/riscv.cpp ****                 }
 141:src/riscv.cpp ****                 __asm__ volatile ("mv a0, %0" : : "r"(returnVal));
 142:src/riscv.cpp ****                 break;
 143:src/riscv.cpp ****             }
 144:src/riscv.cpp ****             case 0x23: {
 145:src/riscv.cpp ****                 MySemaphore* sem;
 146:src/riscv.cpp ****                 __asm__ volatile ("mv %0, a1" : "=r"(sem));
 147:src/riscv.cpp ****                 if (sem != nullptr) {
 148:src/riscv.cpp ****                     returnVal = sem->wait();
 149:src/riscv.cpp ****                 } else {
 150:src/riscv.cpp ****                     returnVal = -1;
 151:src/riscv.cpp ****                 }
 152:src/riscv.cpp ****                 __asm__ volatile ("mv a0, %0" : : "r"(returnVal));
 153:src/riscv.cpp ****                 break;
 154:src/riscv.cpp ****             }
 155:src/riscv.cpp ****             case 0x24: {
 156:src/riscv.cpp ****                 MySemaphore* sem;
 157:src/riscv.cpp ****                 __asm__ volatile ("mv %0, a1" : "=r"(sem));
 158:src/riscv.cpp ****                 if (sem != nullptr) {
 159:src/riscv.cpp ****                     returnVal = sem->signal();
 160:src/riscv.cpp ****                 } else {
 161:src/riscv.cpp ****                     returnVal = -1;
GAS LISTING /tmp/cc5tsL4D.s 			page 9


 162:src/riscv.cpp ****                 }
 163:src/riscv.cpp ****                 __asm__ volatile ("mv a0, %0" : : "r"(returnVal));
 164:src/riscv.cpp ****                 break;
 165:src/riscv.cpp ****             }
 166:src/riscv.cpp **** 
 167:src/riscv.cpp ****             case 0x41:
 168:src/riscv.cpp ****                 //getc
 169:src/riscv.cpp ****                 returnVal = __getc();
 170:src/riscv.cpp ****                 __asm__ volatile ("mv t0, %0" : : "r"(returnVal));
 171:src/riscv.cpp ****                 __asm__ volatile ("sw t0, 80(x8)");
 172:src/riscv.cpp ****                 break;
 173:src/riscv.cpp **** 
 174:src/riscv.cpp ****             case 0x42:
 175:src/riscv.cpp ****                 //putc
 176:src/riscv.cpp ****                 char c;
 177:src/riscv.cpp ****                 __asm__ volatile ("mv %0, a1" : "=r" (c));
 178:src/riscv.cpp ****                 __putc(c);
 179:src/riscv.cpp ****                 break;
 180:src/riscv.cpp **** 
 181:src/riscv.cpp **** 
 182:src/riscv.cpp **** 
 183:src/riscv.cpp ****         }
 184:src/riscv.cpp **** 
 185:src/riscv.cpp **** 
 186:src/riscv.cpp ****         w_sstatus(sstatus);
 187:src/riscv.cpp ****         w_sepc(sepc);
 188:src/riscv.cpp ****     }
 189:src/riscv.cpp **** else if(scause == 0x8000000000000001UL){
 114              		.loc 1 189 6 is_stmt 1
 115              	.LBB103:
 116              	.LBB62:
 117 0058 9307F0FF 		li	a5,-1
 118 005c 9397F703 		slli	a5,a5,63
 119 0060 93871700 		addi	a5,a5,1
 120 0064 6382F42A 		beq	s1,a5,.L36
 121              	.LBE62:
 122              	.LBE103:
 190:src/riscv.cpp **** mc_sip(SIP_SSIP);
 191:src/riscv.cpp **** } else if(scause == 0x8000000000000009UL){
 123              		.loc 1 191 8
 124              	.LBB104:
 125              	.LBB68:
 126              	.LBB63:
 127 0068 9307F0FF 		li	a5,-1
 128 006c 9397F703 		slli	a5,a5,63
 129 0070 93879700 		addi	a5,a5,9
 130 0074 6380F42A 		beq	s1,a5,.L37
 131              	.LBB64:
 192:src/riscv.cpp **** console_handler();
 193:src/riscv.cpp **** }
 194:src/riscv.cpp ****     else
 195:src/riscv.cpp ****     {
 196:src/riscv.cpp ****         printStr("Error:");
 132              		.loc 1 196 9
 133              		.loc 1 196 17 is_stmt 0
 134 0078 17050000 		lla	a0,.LC0
 134      13050500 
GAS LISTING /tmp/cc5tsL4D.s 			page 10


 135 0080 97000000 		call	_Z8printStrPKc@plt
 135      E7800000 
 136              	.LVL3:
 197:src/riscv.cpp ****         printInteger(scause);
 137              		.loc 1 197 9 is_stmt 1
 138              		.loc 1 197 21 is_stmt 0
 139 0088 13850400 		mv	a0,s1
 140 008c 97000000 		call	_Z12printIntegerm@plt
 140      E7800000 
 141              	.LVL4:
 198:src/riscv.cpp ****         uint64 fault_address;
 142              		.loc 1 198 9 is_stmt 1
 199:src/riscv.cpp ****         __asm__ volatile("csrr %0, sepc" : "=r"(fault_address));
 143              		.loc 1 199 9
 144              		.loc 1 199 64 is_stmt 0
 145              	#APP
 146              	# 199 "src/riscv.cpp" 1
 200              	
 147              		csrr s1, sepc
 148              	# 0 "" 2
 149              	.LVL5:
 201:src/riscv.cpp ****         printStr("Prekid na adresi (sepc): 0x");
 150              		.loc 1 201 9 is_stmt 1
 151              		.loc 1 201 17 is_stmt 0
 152              	#NO_APP
 153 0098 17050000 		lla	a0,.LC1
 153      13050500 
 154 00a0 97000000 		call	_Z8printStrPKc@plt
 154      E7800000 
 155              	.LVL6:
 202:src/riscv.cpp ****         printInteger(fault_address); // Odštampaj je kao hex
 156              		.loc 1 202 9 is_stmt 1
 157              		.loc 1 202 21 is_stmt 0
 158 00a8 13850400 		mv	a0,s1
 159 00ac 97000000 		call	_Z12printIntegerm@plt
 159      E7800000 
 160              	.LVL7:
 203:src/riscv.cpp ****         printStr("\n");
 161              		.loc 1 203 9 is_stmt 1
 162              		.loc 1 203 17 is_stmt 0
 163 00b4 17050000 		lla	a0,.LC2
 163      13050500 
 164 00bc 97000000 		call	_Z8printStrPKc@plt
 164      E7800000 
 165              	.LVL8:
 166              	.L30:
 204:src/riscv.cpp ****         while(1);
 167              		.loc 1 204 9 is_stmt 1 discriminator 1
 168              		.loc 1 204 9 discriminator 1
 169 00c4 6F000000 		j	.L30
 170              	.LVL9:
 171              	.L35:
 172              	.LBE64:
 173              	.LBE63:
 174              	.LBE68:
 175              	.LBB69:
  28:src/riscv.cpp ****         uint64 volatile sstatus = r_sstatus();
GAS LISTING /tmp/cc5tsL4D.s 			page 11


 176              		.loc 1 28 9
 177              	.LBB70:
 178              	.LBB71:
 111:src/../h/riscv.hpp ****     __asm__ volatile ("csrr %[sepc], sepc" : [sepc] "=r"(sepc));
 179              		.loc 2 111 5
 112:src/../h/riscv.hpp ****     return sepc;
 180              		.loc 2 112 5
 112:src/../h/riscv.hpp ****     return sepc;
 181              		.loc 2 112 64 is_stmt 0
 182              	#APP
 183              	# 112 "src/../h/riscv.hpp" 1
 184              		csrr a5, sepc
 185              	# 0 "" 2
 186              	#NO_APP
 187 00cc 233CF4FC 		sd	a5,-40(s0)
 113:src/../h/riscv.hpp **** }
 188              		.loc 2 113 5 is_stmt 1
 113:src/../h/riscv.hpp **** }
 189              		.loc 2 113 12 is_stmt 0
 190 00d0 833784FD 		ld	a5,-40(s0)
 191              	.LBE71:
 192              	.LBE70:
  28:src/riscv.cpp ****         uint64 volatile sstatus = r_sstatus();
 193              		.loc 1 28 41
 194 00d4 93874700 		addi	a5,a5,4
  28:src/riscv.cpp ****         uint64 volatile sstatus = r_sstatus();
 195              		.loc 1 28 43
 196 00d8 2338F4FA 		sd	a5,-80(s0)
  29:src/riscv.cpp **** 
 197              		.loc 1 29 9 is_stmt 1
 198              	.LBB72:
 199              	.LBB73:
 176:src/../h/riscv.hpp **** 
 177:src/../h/riscv.hpp **** inline uint64 Riscv::r_sstatus()
 178:src/../h/riscv.hpp **** {
 179:src/../h/riscv.hpp ****     uint64 volatile sstatus;
 200              		.loc 2 179 5
 180:src/../h/riscv.hpp ****     __asm__ volatile ("csrr %[sstatus], sstatus" : [sstatus] "=r"(sstatus));
 201              		.loc 2 180 5
 202              		.loc 2 180 76 is_stmt 0
 203              	#APP
 204              	# 180 "src/../h/riscv.hpp" 1
 181              	    return sstatus;
 205              		csrr a5, sstatus
 206              	# 0 "" 2
 207              	#NO_APP
 208 00e0 2338F4FC 		sd	a5,-48(s0)
 209              		.loc 2 181 5 is_stmt 1
 210              		.loc 2 181 12 is_stmt 0
 211 00e4 833704FD 		ld	a5,-48(s0)
 212              	.LBE73:
 213              	.LBE72:
  29:src/riscv.cpp **** 
 214              		.loc 1 29 45
 215 00e8 233CF4FA 		sd	a5,-72(s0)
  32:src/riscv.cpp ****         int returnVal;
 216              		.loc 1 32 9 is_stmt 1
GAS LISTING /tmp/cc5tsL4D.s 			page 12


 217              	.LBB74:
 218              	.LBB75:
 182:src/../h/riscv.hpp **** }
 183:src/../h/riscv.hpp **** 
 184:src/../h/riscv.hpp **** inline void Riscv::w_sstatus(uint64 sstatus)
 185:src/../h/riscv.hpp **** {
 186:src/../h/riscv.hpp ****     __asm__ volatile ("csrw sstatus, %[sstatus]" : : [sstatus] "r"(sstatus));
 187:src/../h/riscv.hpp **** }
 188:src/../h/riscv.hpp **** inline uint64 Riscv::r_a0() {
 189:src/../h/riscv.hpp ****     uint64 volatile a0;
 219              		.loc 2 189 5
 190:src/../h/riscv.hpp ****     asm volatile("mv %0,a0":"=r"(a0));
 220              		.loc 2 190 5
 221              		.loc 2 190 38 is_stmt 0
 222              	#APP
 223              	# 190 "src/../h/riscv.hpp" 1
 191              	    return a0;
 224              		mv a5,a0
 225              	# 0 "" 2
 226              	#NO_APP
 227 00f0 2334F4FC 		sd	a5,-56(s0)
 228              		.loc 2 191 5 is_stmt 1
 229              		.loc 2 191 12 is_stmt 0
 230 00f4 833784FC 		ld	a5,-56(s0)
 231              	.LVL10:
 232              	.LBE75:
 233              	.LBE74:
  33:src/riscv.cpp ****         switch (broj) {
 234              		.loc 1 33 9 is_stmt 1
  34:src/riscv.cpp ****             case 0x01:
 235              		.loc 1 34 9
 236 00f8 13072004 		li	a4,66
 237 00fc 636EF712 		bgtu	a5,a4,.L5
 238 0100 93972700 		slli	a5,a5,2
 239              	.LVL11:
 240 0104 17070000 		lla	a4,.L7
 240      13070700 
 241 010c B387E700 		add	a5,a5,a4
 242 0110 83A70700 		lw	a5,0(a5)
 243 0114 B387E700 		add	a5,a5,a4
 244 0118 67800700 		jr	a5
 245              		.section	.rodata
 246              		.align	2
 247              		.align	2
 248              	.L7:
 249 0000 00000000 		.word	.L5-.L7
 250 0004 00000000 		.word	.L20-.L7
 251 0008 00000000 		.word	.L19-.L7
 252 000c 00000000 		.word	.L5-.L7
 253 0010 00000000 		.word	.L5-.L7
 254 0014 00000000 		.word	.L5-.L7
 255 0018 00000000 		.word	.L5-.L7
 256 001c 00000000 		.word	.L5-.L7
 257 0020 00000000 		.word	.L5-.L7
 258 0024 00000000 		.word	.L18-.L7
 259 0028 00000000 		.word	.L5-.L7
 260 002c 00000000 		.word	.L5-.L7
GAS LISTING /tmp/cc5tsL4D.s 			page 13


 261 0030 00000000 		.word	.L5-.L7
 262 0034 00000000 		.word	.L5-.L7
 263 0038 00000000 		.word	.L5-.L7
 264 003c 00000000 		.word	.L5-.L7
 265 0040 00000000 		.word	.L17-.L7
 266 0044 00000000 		.word	.L16-.L7
 267 0048 00000000 		.word	.L15-.L7
 268 004c 00000000 		.word	.L14-.L7
 269 0050 00000000 		.word	.L5-.L7
 270 0054 00000000 		.word	.L13-.L7
 271 0058 00000000 		.word	.L5-.L7
 272 005c 00000000 		.word	.L5-.L7
 273 0060 00000000 		.word	.L5-.L7
 274 0064 00000000 		.word	.L5-.L7
 275 0068 00000000 		.word	.L5-.L7
 276 006c 00000000 		.word	.L5-.L7
 277 0070 00000000 		.word	.L5-.L7
 278 0074 00000000 		.word	.L5-.L7
 279 0078 00000000 		.word	.L5-.L7
 280 007c 00000000 		.word	.L5-.L7
 281 0080 00000000 		.word	.L5-.L7
 282 0084 00000000 		.word	.L12-.L7
 283 0088 00000000 		.word	.L11-.L7
 284 008c 00000000 		.word	.L10-.L7
 285 0090 00000000 		.word	.L9-.L7
 286 0094 00000000 		.word	.L5-.L7
 287 0098 00000000 		.word	.L5-.L7
 288 009c 00000000 		.word	.L5-.L7
 289 00a0 00000000 		.word	.L5-.L7
 290 00a4 00000000 		.word	.L5-.L7
 291 00a8 00000000 		.word	.L5-.L7
 292 00ac 00000000 		.word	.L5-.L7
 293 00b0 00000000 		.word	.L5-.L7
 294 00b4 00000000 		.word	.L5-.L7
 295 00b8 00000000 		.word	.L5-.L7
 296 00bc 00000000 		.word	.L5-.L7
 297 00c0 00000000 		.word	.L5-.L7
 298 00c4 00000000 		.word	.L5-.L7
 299 00c8 00000000 		.word	.L5-.L7
 300 00cc 00000000 		.word	.L5-.L7
 301 00d0 00000000 		.word	.L5-.L7
 302 00d4 00000000 		.word	.L5-.L7
 303 00d8 00000000 		.word	.L5-.L7
 304 00dc 00000000 		.word	.L5-.L7
 305 00e0 00000000 		.word	.L5-.L7
 306 00e4 00000000 		.word	.L5-.L7
 307 00e8 00000000 		.word	.L5-.L7
 308 00ec 00000000 		.word	.L5-.L7
 309 00f0 00000000 		.word	.L5-.L7
 310 00f4 00000000 		.word	.L5-.L7
 311 00f8 00000000 		.word	.L5-.L7
 312 00fc 00000000 		.word	.L5-.L7
 313 0100 00000000 		.word	.L5-.L7
 314 0104 00000000 		.word	.L8-.L7
 315 0108 00000000 		.word	.L6-.L7
 316              		.text
 317              	.L20:
GAS LISTING /tmp/cc5tsL4D.s 			page 14


 318              	.LBB76:
  35:src/riscv.cpp ****                 size_t size;
 319              		.loc 1 35 13
  36:src/riscv.cpp ****                 void *ptr;
 320              		.loc 1 36 17
  37:src/riscv.cpp **** 
 321              		.loc 1 37 17
  39:src/riscv.cpp ****                 ptr = MemoryAllocator::mem_alloc(size);
 322              		.loc 1 39 17
  39:src/riscv.cpp ****                 ptr = MemoryAllocator::mem_alloc(size);
 323              		.loc 1 39 56 is_stmt 0
 324              	#APP
 325              	# 39 "src/riscv.cpp" 1
 326              		mv a0,a1
 327              	# 0 "" 2
 328              	.LVL12:
  40:src/riscv.cpp ****                 __asm__ volatile("mv t0, %0" : : "r"(ptr));
 329              		.loc 1 40 17 is_stmt 1
  40:src/riscv.cpp ****                 __asm__ volatile("mv t0, %0" : : "r"(ptr));
 330              		.loc 1 40 49 is_stmt 0
 331              	#NO_APP
 332 0120 97000000 		call	_ZN15MemoryAllocator9mem_allocEm@plt
 332      E7800000 
 333              	.LVL13:
  41:src/riscv.cpp ****                 __asm__ volatile("sw t0, 80(x8)");
 334              		.loc 1 41 17 is_stmt 1
  41:src/riscv.cpp ****                 __asm__ volatile("sw t0, 80(x8)");
 335              		.loc 1 41 59 is_stmt 0
 336              	#APP
 337              	# 41 "src/riscv.cpp" 1
  42:src/riscv.cpp ****                 break;
 338              		mv t0, a0
 339              	# 0 "" 2
 340              		.loc 1 42 17 is_stmt 1
  42:src/riscv.cpp ****                 break;
 341              		.loc 1 42 50 is_stmt 0
 342              	# 42 "src/riscv.cpp" 1
  43:src/riscv.cpp ****             case 0x02:
 343              		sw t0, 80(x8)
 344              	# 0 "" 2
 345              		.loc 1 43 17 is_stmt 1
 346              	#NO_APP
 347 0130 6F008010 		j	.L5
 348              	.LVL14:
 349              	.L19:
  44:src/riscv.cpp ****                 void *freePtr;
 350              		.loc 1 44 13
  45:src/riscv.cpp ****                 __asm__ volatile("mv %0,a1":"=r"(freePtr));
 351              		.loc 1 45 17
  46:src/riscv.cpp **** 
 352              		.loc 1 46 17
  46:src/riscv.cpp **** 
 353              		.loc 1 46 59 is_stmt 0
 354              	#APP
 355              	# 46 "src/riscv.cpp" 1
 356              		mv a0,a1
 357              	# 0 "" 2
GAS LISTING /tmp/cc5tsL4D.s 			page 15


 358              	.LVL15:
  48:src/riscv.cpp ****                 __asm__ volatile("mv t0,%0":"=r"(returnVal));
 359              		.loc 1 48 17 is_stmt 1
  48:src/riscv.cpp ****                 __asm__ volatile("mv t0,%0":"=r"(returnVal));
 360              		.loc 1 48 54 is_stmt 0
 361              	#NO_APP
 362 0138 97000000 		call	_ZN15MemoryAllocator8mem_freeEPv@plt
 362      E7800000 
 363              	.LVL16:
  49:src/riscv.cpp ****                 __asm__ volatile("sw t0, 80(x8)");
 364              		.loc 1 49 17 is_stmt 1
  49:src/riscv.cpp ****                 __asm__ volatile("sw t0, 80(x8)");
 365              		.loc 1 49 61 is_stmt 0
 366              	#APP
 367              	# 49 "src/riscv.cpp" 1
 368              		mv t0,a5
 369              	# 0 "" 2
 370              	.LVL17:
  50:src/riscv.cpp ****                 break;
 371              		.loc 1 50 17 is_stmt 1
  50:src/riscv.cpp ****                 break;
 372              		.loc 1 50 50 is_stmt 0
 373              	# 50 "src/riscv.cpp" 1
  51:src/riscv.cpp ****             case 0x10: {
 374              		sw t0, 80(x8)
 375              	# 0 "" 2
 376              		.loc 1 51 17 is_stmt 1
 377              	#NO_APP
 378 0148 6F00000F 		j	.L5
 379              	.L17:
  52:src/riscv.cpp ****                 TCB* tcb;
 380              		.loc 1 52 13
  52:src/riscv.cpp ****                 TCB* tcb;
 381              		.loc 1 52 24
 382              	.LBB77:
  53:src/riscv.cpp ****                 __asm__ volatile("mv %0, a1" : "=r"(tcb));
 383              		.loc 1 53 17
  54:src/riscv.cpp ****                 TCB::thread_start(tcb);
 384              		.loc 1 54 17
  54:src/riscv.cpp ****                 TCB::thread_start(tcb);
 385              		.loc 1 54 58 is_stmt 0
 386              	#APP
 387              	# 54 "src/riscv.cpp" 1
 388              		mv a0, a1
 389              	# 0 "" 2
 390              	.LVL18:
  55:src/riscv.cpp ****                 break;
 391              		.loc 1 55 17 is_stmt 1
  55:src/riscv.cpp ****                 break;
 392              		.loc 1 55 34 is_stmt 0
 393              	#NO_APP
 394 0150 97000000 		call	_ZN3TCB12thread_startEPS_@plt
 394      E7800000 
 395              	.LVL19:
  56:src/riscv.cpp ****             }
 396              		.loc 1 56 17 is_stmt 1
 397 0158 6F00000E 		j	.L5
GAS LISTING /tmp/cc5tsL4D.s 			page 16


 398              	.L18:
 399              	.LBE77:
  59:src/riscv.cpp ****                 TCB *main = TCB::createMainThread();
 400              		.loc 1 59 13
  59:src/riscv.cpp ****                 TCB *main = TCB::createMainThread();
 401              		.loc 1 59 24
 402              	.LBB78:
  60:src/riscv.cpp ****                 TCB::running = main;
 403              		.loc 1 60 17
  60:src/riscv.cpp ****                 TCB::running = main;
 404              		.loc 1 60 50 is_stmt 0
 405 015c 97000000 		call	_ZN3TCB16createMainThreadEv@plt
 405      E7800000 
 406              	.LVL20:
  61:src/riscv.cpp ****                 __asm__ volatile ("li t0, 0");
 407              		.loc 1 61 17 is_stmt 1
  61:src/riscv.cpp ****                 __asm__ volatile ("li t0, 0");
 408              		.loc 1 61 30 is_stmt 0
 409 0164 97070000 		la	a5,_ZN3TCB7runningE
 409      83B70700 
 410 016c 23B0A700 		sd	a0,0(a5)
  62:src/riscv.cpp ****                 __asm__ volatile ("sw t0, 80(x8)");
 411              		.loc 1 62 17 is_stmt 1
  62:src/riscv.cpp ****                 __asm__ volatile ("sw t0, 80(x8)");
 412              		.loc 1 62 46 is_stmt 0
 413              	#APP
 414              	# 62 "src/riscv.cpp" 1
  63:src/riscv.cpp ****                 break;
 415              		li t0, 0
 416              	# 0 "" 2
 417              		.loc 1 63 17 is_stmt 1
  63:src/riscv.cpp ****                 break;
 418              		.loc 1 63 51 is_stmt 0
 419              	# 63 "src/riscv.cpp" 1
  64:src/riscv.cpp ****             }
 420              		sw t0, 80(x8)
 421              	# 0 "" 2
 422              		.loc 1 64 17 is_stmt 1
 423              	#NO_APP
 424 0178 6F00000C 		j	.L5
 425              	.LVL21:
 426              	.L16:
 427              	.LBE78:
  67:src/riscv.cpp ****                 TCB** tcb;
 428              		.loc 1 67 13
  68:src/riscv.cpp ****                 TCB::Body body;
 429              		.loc 1 68 17
  69:src/riscv.cpp ****                 void* arg;
 430              		.loc 1 69 17
  70:src/riscv.cpp ****                 __asm__ volatile ("mv %0, a1" : "=r" (tcb));
 431              		.loc 1 70 17
  71:src/riscv.cpp ****                 __asm__ volatile ("mv %0, a2" : "=r" (body));
 432              		.loc 1 71 17
  71:src/riscv.cpp ****                 __asm__ volatile ("mv %0, a2" : "=r" (body));
 433              		.loc 1 71 60 is_stmt 0
 434              	#APP
 435              	# 71 "src/riscv.cpp" 1
GAS LISTING /tmp/cc5tsL4D.s 			page 17


 436              		mv s1, a1
 437              	# 0 "" 2
 438              	.LVL22:
  72:src/riscv.cpp ****                 __asm__ volatile ("mv %0, a3" : "=r" (arg));
 439              		.loc 1 72 17 is_stmt 1
  72:src/riscv.cpp ****                 __asm__ volatile ("mv %0, a3" : "=r" (arg));
 440              		.loc 1 72 61 is_stmt 0
 441              	# 72 "src/riscv.cpp" 1
 442              		mv a0, a2
 443              	# 0 "" 2
 444              	.LVL23:
  73:src/riscv.cpp ****                 *tcb = TCB::createThread(body, arg);
 445              		.loc 1 73 17 is_stmt 1
  73:src/riscv.cpp ****                 *tcb = TCB::createThread(body, arg);
 446              		.loc 1 73 60 is_stmt 0
 447              	# 73 "src/riscv.cpp" 1
 448              		mv a1, a3
 449              	# 0 "" 2
 450              	.LVL24:
  74:src/riscv.cpp ****                 if(*tcb != nullptr) {
 451              		.loc 1 74 17 is_stmt 1
  74:src/riscv.cpp ****                 if(*tcb != nullptr) {
 452              		.loc 1 74 41 is_stmt 0
 453              	#NO_APP
 454 0188 97000000 		call	_ZN3TCB12createThreadEPFvPvES0_@plt
 454      E7800000 
 455              	.LVL25:
  74:src/riscv.cpp ****                 if(*tcb != nullptr) {
 456              		.loc 1 74 22
 457 0190 23B0A400 		sd	a0,0(s1)
  75:src/riscv.cpp ****                    // __asm__ volatile ("li a0, 0");
 458              		.loc 1 75 17 is_stmt 1
 459 0194 63080500 		beqz	a0,.L21
  77:src/riscv.cpp ****                     __asm__ volatile ("sd t0, 80(x8)");
 460              		.loc 1 77 21
  77:src/riscv.cpp ****                     __asm__ volatile ("sd t0, 80(x8)");
 461              		.loc 1 77 50 is_stmt 0
 462              	#APP
 463              	# 77 "src/riscv.cpp" 1
  78:src/riscv.cpp ****                 }
 464              		li t0, 0
 465              	# 0 "" 2
 466              		.loc 1 78 21 is_stmt 1
  78:src/riscv.cpp ****                 }
 467              		.loc 1 78 55 is_stmt 0
 468              	# 78 "src/riscv.cpp" 1
 469              		sd t0, 80(x8)
 470              	# 0 "" 2
 471              	#NO_APP
 472 01a0 6F008009 		j	.L5
 473              	.L21:
  82:src/riscv.cpp ****                     __asm__ volatile ("sd t0, 80(x8)");
 474              		.loc 1 82 21 is_stmt 1
  82:src/riscv.cpp ****                     __asm__ volatile ("sd t0, 80(x8)");
 475              		.loc 1 82 51 is_stmt 0
 476              	#APP
 477              	# 82 "src/riscv.cpp" 1
GAS LISTING /tmp/cc5tsL4D.s 			page 18


  83:src/riscv.cpp ****                 }
 478              		li t0, -1
 479              	# 0 "" 2
 480              		.loc 1 83 21 is_stmt 1
  83:src/riscv.cpp ****                 }
 481              		.loc 1 83 55 is_stmt 0
 482              	# 83 "src/riscv.cpp" 1
 483              		sd t0, 80(x8)
 484              	# 0 "" 2
 485              	#NO_APP
 486 01ac 6F00C008 		j	.L5
 487              	.LVL26:
 488              	.L15:
  88:src/riscv.cpp ****                 TCB::running->setFinished(true);
 489              		.loc 1 88 13 is_stmt 1
  89:src/riscv.cpp ****                 TCB::dispatch();
 490              		.loc 1 89 17
  89:src/riscv.cpp ****                 TCB::dispatch();
 491              		.loc 1 89 42 is_stmt 0
 492 01b0 97070000 		la	a5,_ZN3TCB7runningE
 492      83B70700 
 493 01b8 83B70700 		ld	a5,0(a5)
 494              	.LVL27:
 495              	.LBB79:
 496              	.LBB80:
 497              		.file 3 "src/../h/tcb.hpp"
   1:src/../h/tcb.hpp **** //
   2:src/../h/tcb.hpp **** // Created by marko on 20.4.22..
   3:src/../h/tcb.hpp **** //
   4:src/../h/tcb.hpp **** 
   5:src/../h/tcb.hpp **** #ifndef OS1_VEZBE07_RISCV_CONTEXT_SWITCH_2_INTERRUPT_TCB_HPP
   6:src/../h/tcb.hpp **** #define OS1_VEZBE07_RISCV_CONTEXT_SWITCH_2_INTERRUPT_TCB_HPP
   7:src/../h/tcb.hpp **** 
   8:src/../h/tcb.hpp **** 
   9:src/../h/tcb.hpp **** #include "scheduler.hpp"
  10:src/../h/tcb.hpp **** #include "syscall_cpp.hpp"
  11:src/../h/tcb.hpp **** #include "syscall_c.hpp"
  12:src/../h/tcb.hpp **** #include "MemoryAllocator.hpp"
  13:src/../h/tcb.hpp **** #include "print.hpp"
  14:src/../h/tcb.hpp **** 
  15:src/../h/tcb.hpp **** // Thread Control Block
  16:src/../h/tcb.hpp **** class TCB
  17:src/../h/tcb.hpp **** {
  18:src/../h/tcb.hpp **** public:
  19:src/../h/tcb.hpp ****     ~TCB() { delete[] stack; }
  20:src/../h/tcb.hpp **** 
  21:src/../h/tcb.hpp ****     bool isStarted() const {return started;}
  22:src/../h/tcb.hpp **** 
  23:src/../h/tcb.hpp ****     void setStarted(bool val){started= val;}
  24:src/../h/tcb.hpp **** 
  25:src/../h/tcb.hpp ****     bool isFinished() const { return finished; }
  26:src/../h/tcb.hpp **** 
  27:src/../h/tcb.hpp ****     void setFinished(bool value) { finished = value; }
 498              		.loc 3 27 36 is_stmt 1
 499              		.loc 3 27 45 is_stmt 0
 500 01bc 13071000 		li	a4,1
 501 01c0 A380E702 		sb	a4,33(a5)
GAS LISTING /tmp/cc5tsL4D.s 			page 19


 502              	.LVL28:
 503              	.LBE80:
 504              	.LBE79:
  90:src/riscv.cpp **** 
 505              		.loc 1 90 17 is_stmt 1
  90:src/riscv.cpp **** 
 506              		.loc 1 90 30 is_stmt 0
 507 01c4 97000000 		call	_ZN3TCB8dispatchEv@plt
 507      E7800000 
 508              	.LVL29:
  92:src/riscv.cpp ****                 __asm__ volatile("sw t0,80(x8)");
 509              		.loc 1 92 17 is_stmt 1
  92:src/riscv.cpp ****                 __asm__ volatile("sw t0,80(x8)");
 510              		.loc 1 92 44 is_stmt 0
 511              	#APP
 512              	# 92 "src/riscv.cpp" 1
  93:src/riscv.cpp ****                 break;
 513              		li t0,0
 514              	# 0 "" 2
 515              		.loc 1 93 17 is_stmt 1
  93:src/riscv.cpp ****                 break;
 516              		.loc 1 93 49 is_stmt 0
 517              	# 93 "src/riscv.cpp" 1
  94:src/riscv.cpp ****             case 0x13:
 518              		sw t0,80(x8)
 519              	# 0 "" 2
 520              		.loc 1 94 17 is_stmt 1
 521              	#NO_APP
 522 01d4 6F004006 		j	.L5
 523              	.L14:
  95:src/riscv.cpp ****                 TCB::dispatch();
 524              		.loc 1 95 13
  96:src/riscv.cpp **** 
 525              		.loc 1 96 17
  96:src/riscv.cpp **** 
 526              		.loc 1 96 30 is_stmt 0
 527 01d8 97000000 		call	_ZN3TCB8dispatchEv@plt
 527      E7800000 
 528              	.LVL30:
  98:src/riscv.cpp ****             default:
 529              		.loc 1 98 17 is_stmt 1
 530 01e0 6F008005 		j	.L5
 531              	.L13:
 101:src/riscv.cpp ****                 TCB** TcbNoStart;
 532              		.loc 1 101 13
 102:src/riscv.cpp ****                 TCB::Body bodyNoStart;
 533              		.loc 1 102 17
 103:src/riscv.cpp ****                 void* argNoStart;
 534              		.loc 1 103 17
 104:src/riscv.cpp ****                 __asm__ volatile ("mv %0, a1" : "=r" (TcbNoStart));
 535              		.loc 1 104 17
 105:src/riscv.cpp ****                 __asm__ volatile ("mv %0, a2" : "=r" (bodyNoStart));
 536              		.loc 1 105 17
 105:src/riscv.cpp ****                 __asm__ volatile ("mv %0, a2" : "=r" (bodyNoStart));
 537              		.loc 1 105 67 is_stmt 0
 538              	#APP
 539              	# 105 "src/riscv.cpp" 1
GAS LISTING /tmp/cc5tsL4D.s 			page 20


 540              		mv s1, a1
 541              	# 0 "" 2
 542              	.LVL31:
 106:src/riscv.cpp ****                 __asm__ volatile ("mv %0, a3" : "=r" (argNoStart));
 543              		.loc 1 106 17 is_stmt 1
 106:src/riscv.cpp ****                 __asm__ volatile ("mv %0, a3" : "=r" (argNoStart));
 544              		.loc 1 106 68 is_stmt 0
 545              	# 106 "src/riscv.cpp" 1
 546              		mv a0, a2
 547              	# 0 "" 2
 548              	.LVL32:
 107:src/riscv.cpp ****                 *TcbNoStart = TCB::createThreadNoStart(bodyNoStart, argNoStart);
 549              		.loc 1 107 17 is_stmt 1
 107:src/riscv.cpp ****                 *TcbNoStart = TCB::createThreadNoStart(bodyNoStart, argNoStart);
 550              		.loc 1 107 67 is_stmt 0
 551              	# 107 "src/riscv.cpp" 1
 552              		mv a1, a3
 553              	# 0 "" 2
 554              	.LVL33:
 108:src/riscv.cpp ****                 if(*TcbNoStart != nullptr) {
 555              		.loc 1 108 17 is_stmt 1
 108:src/riscv.cpp ****                 if(*TcbNoStart != nullptr) {
 556              		.loc 1 108 55 is_stmt 0
 557              	#NO_APP
 558 01f0 97000000 		call	_ZN3TCB19createThreadNoStartEPFvPvES0_@plt
 558      E7800000 
 559              	.LVL34:
 108:src/riscv.cpp ****                 if(*TcbNoStart != nullptr) {
 560              		.loc 1 108 29
 561 01f8 23B0A400 		sd	a0,0(s1)
 109:src/riscv.cpp ****                     // __asm__ volatile ("li a0, 0");
 562              		.loc 1 109 17 is_stmt 1
 563 01fc 63020506 		beqz	a0,.L22
 111:src/riscv.cpp ****                     __asm__ volatile ("sd t0, 80(x8)");
 564              		.loc 1 111 21
 111:src/riscv.cpp ****                     __asm__ volatile ("sd t0, 80(x8)");
 565              		.loc 1 111 50 is_stmt 0
 566              	#APP
 567              	# 111 "src/riscv.cpp" 1
 112:src/riscv.cpp ****                 }
 568              		li t0, 0
 569              	# 0 "" 2
 570              		.loc 1 112 21 is_stmt 1
 112:src/riscv.cpp ****                 }
 571              		.loc 1 112 55 is_stmt 0
 572              	# 112 "src/riscv.cpp" 1
 573              		sd t0, 80(x8)
 574              	# 0 "" 2
 575              	.LVL35:
 576              	#NO_APP
 577              	.L12:
 119:src/riscv.cpp ****                 MySemaphore** semHandle;
 578              		.loc 1 119 13 is_stmt 1
 119:src/riscv.cpp ****                 MySemaphore** semHandle;
 579              		.loc 1 119 24
 580              	.LBB81:
 120:src/riscv.cpp ****                 unsigned init;
GAS LISTING /tmp/cc5tsL4D.s 			page 21


 581              		.loc 1 120 17
 121:src/riscv.cpp ****                 __asm__ volatile ("mv %0, a1" : "=r" (semHandle));
 582              		.loc 1 121 17
 122:src/riscv.cpp ****                 __asm__ volatile ("mv %0, a2" : "=r" (init));
 583              		.loc 1 122 17
 122:src/riscv.cpp ****                 __asm__ volatile ("mv %0, a2" : "=r" (init));
 584              		.loc 1 122 66 is_stmt 0
 585              	#APP
 586              	# 122 "src/riscv.cpp" 1
 587              		mv s1, a1
 588              	# 0 "" 2
 589              	.LVL36:
 123:src/riscv.cpp ****                 *semHandle = MySemaphore::createSemaphore(init);
 590              		.loc 1 123 17 is_stmt 1
 123:src/riscv.cpp ****                 *semHandle = MySemaphore::createSemaphore(init);
 591              		.loc 1 123 61 is_stmt 0
 592              	# 123 "src/riscv.cpp" 1
 593              		mv s2, a2
 594              	# 0 "" 2
 595              	.LVL37:
 124:src/riscv.cpp ****                 if (*semHandle != nullptr) {
 596              		.loc 1 124 17 is_stmt 1
 597              	#NO_APP
 598              	.LBE81:
 599              	.LBE76:
 600              	.LBE69:
 601              	.LBE104:
 602              		.file 4 "src/../h/Semaphore.hpp"
   1:src/../h/Semaphore.hpp **** //
   2:src/../h/Semaphore.hpp **** // Created by os on 6/26/26.
   3:src/../h/Semaphore.hpp **** //
   4:src/../h/Semaphore.hpp **** 
   5:src/../h/Semaphore.hpp **** #ifndef PROJECT_BASE_SEMAPHORE_H
   6:src/../h/Semaphore.hpp **** #define PROJECT_BASE_SEMAPHORE_H
   7:src/../h/Semaphore.hpp **** #include "syscall_cpp.hpp"
   8:src/../h/Semaphore.hpp **** #include "list.hpp"
   9:src/../h/Semaphore.hpp **** #include "MemoryAllocator.hpp"
  10:src/../h/Semaphore.hpp **** 
  11:src/../h/Semaphore.hpp **** class TCB;
  12:src/../h/Semaphore.hpp **** 
  13:src/../h/Semaphore.hpp **** class MySemaphore {
  14:src/../h/Semaphore.hpp **** public:
  15:src/../h/Semaphore.hpp ****     MySemaphore(unsigned init = 1) : value((int)init), closed(false) {}
  16:src/../h/Semaphore.hpp **** 
  17:src/../h/Semaphore.hpp ****     ~MySemaphore() { close(); }
  18:src/../h/Semaphore.hpp **** 
  19:src/../h/Semaphore.hpp ****     static MySemaphore* createSemaphore(unsigned init) {
  20:src/../h/Semaphore.hpp ****         return new MySemaphore(init);
 603              		.loc 4 20 9
 604              	.LBB105:
 605              	.LBB100:
 606              	.LBB94:
 607              	.LBB89:
 608              	.LBB82:
 609              	.LBB83:
 610              	.LBB84:
  21:src/../h/Semaphore.hpp ****     }
GAS LISTING /tmp/cc5tsL4D.s 			page 22


  22:src/../h/Semaphore.hpp **** 
  23:src/../h/Semaphore.hpp ****     int wait();
  24:src/../h/Semaphore.hpp ****     int signal();
  25:src/../h/Semaphore.hpp ****     int close();
  26:src/../h/Semaphore.hpp **** 
  27:src/../h/Semaphore.hpp ****     void* operator new(size_t size) {
  28:src/../h/Semaphore.hpp ****         return MemoryAllocator::mem_alloc(size);
 611              		.loc 4 28 9
 612              		.loc 4 28 42 is_stmt 0
 613 0210 13058001 		li	a0,24
 614 0214 97000000 		call	_ZN15MemoryAllocator9mem_allocEm@plt
 614      E7800000 
 615              	.LVL38:
 616              	.LBE84:
 617              	.LBE83:
 618              	.LBB85:
 619              	.LBB86:
  15:src/../h/Semaphore.hpp **** 
 620              		.loc 4 15 68
 621 021c 23202501 		sw	s2,0(a0)
 622 0220 23020500 		sb	zero,4(a0)
 623              	.LVL39:
 624              	.LBB87:
 625              	.LBB88:
 626              		.file 5 "src/../h/list.hpp"
   1:src/../h/list.hpp **** //
   2:src/../h/list.hpp **** // Created by marko on 20.4.22..
   3:src/../h/list.hpp **** //
   4:src/../h/list.hpp **** 
   5:src/../h/list.hpp **** #ifndef OS1_VEZBE07_RISCV_CONTEXT_SWITCH_2_INTERRUPT_LIST_HPP
   6:src/../h/list.hpp **** #define OS1_VEZBE07_RISCV_CONTEXT_SWITCH_2_INTERRUPT_LIST_HPP
   7:src/../h/list.hpp **** 
   8:src/../h/list.hpp **** #include "MemoryAllocator.hpp"
   9:src/../h/list.hpp **** 
  10:src/../h/list.hpp **** template<typename T>
  11:src/../h/list.hpp **** class List
  12:src/../h/list.hpp **** {
  13:src/../h/list.hpp **** private:
  14:src/../h/list.hpp ****     struct Elem
  15:src/../h/list.hpp ****     {
  16:src/../h/list.hpp ****         T *data;
  17:src/../h/list.hpp ****         Elem *next;
  18:src/../h/list.hpp **** 
  19:src/../h/list.hpp ****         Elem(T *data, Elem *next) : data(data), next(next) {}
  20:src/../h/list.hpp **** 
  21:src/../h/list.hpp ****         void* operator new(size_t size) {
  22:src/../h/list.hpp ****             return MemoryAllocator::mem_alloc(size);
  23:src/../h/list.hpp ****         }
  24:src/../h/list.hpp ****         void* operator new[](size_t size) {
  25:src/../h/list.hpp ****             return MemoryAllocator::mem_alloc(size);
  26:src/../h/list.hpp ****         }
  27:src/../h/list.hpp **** 
  28:src/../h/list.hpp ****         void operator delete(void *ptr) {
  29:src/../h/list.hpp ****             MemoryAllocator::mem_free(ptr);
  30:src/../h/list.hpp ****         }
  31:src/../h/list.hpp ****         void operator delete[](void *ptr) {
  32:src/../h/list.hpp ****             MemoryAllocator::mem_free(ptr);
GAS LISTING /tmp/cc5tsL4D.s 			page 23


  33:src/../h/list.hpp ****         }
  34:src/../h/list.hpp ****     };
  35:src/../h/list.hpp **** 
  36:src/../h/list.hpp ****     Elem *head, *tail;
  37:src/../h/list.hpp **** 
  38:src/../h/list.hpp **** public:
  39:src/../h/list.hpp ****     List() : head(0), tail(0) {}
 627              		.loc 5 39 29
 628 0224 23340500 		sd	zero,8(a0)
 629 0228 23380500 		sd	zero,16(a0)
 630              	.LVL40:
 631              	.LBE88:
 632              	.LBE87:
 633              	.LBE86:
 634              	.LBE85:
 635              	.LBE82:
 124:src/riscv.cpp ****                 if (*semHandle != nullptr) {
 636              		.loc 1 124 28
 637 022c 23B0A400 		sd	a0,0(s1)
 125:src/riscv.cpp ****                     __asm__ volatile ("li a0, 0");
 638              		.loc 1 125 17 is_stmt 1
 639 0230 630E0502 		beqz	a0,.L23
 126:src/riscv.cpp ****                 } else {
 640              		.loc 1 126 21
 126:src/riscv.cpp ****                 } else {
 641              		.loc 1 126 50 is_stmt 0
 642              	#APP
 643              	# 126 "src/riscv.cpp" 1
 644              		li a0, 0
 645              	# 0 "" 2
 646              	.LVL41:
 647              	#NO_APP
 648              	.L5:
 649              	.LBE89:
 650              	.LBE94:
 186:src/riscv.cpp ****         w_sepc(sepc);
 651              		.loc 1 186 9 is_stmt 1
 186:src/riscv.cpp ****         w_sepc(sepc);
 652              		.loc 1 186 18 is_stmt 0
 653 0238 833784FB 		ld	a5,-72(s0)
 654              	.LVL42:
 655              	.LBB95:
 656              	.LBB96:
 186:src/../h/riscv.hpp **** }
 657              		.loc 2 186 5 is_stmt 1
 186:src/../h/riscv.hpp **** }
 658              		.loc 2 186 77 is_stmt 0
 659              	#APP
 660              	# 186 "src/../h/riscv.hpp" 1
 661              		csrw sstatus, a5
 662              	# 0 "" 2
 663              	.LVL43:
 664              	#NO_APP
 665              	.LBE96:
 666              	.LBE95:
 187:src/riscv.cpp ****     }
 667              		.loc 1 187 9 is_stmt 1
GAS LISTING /tmp/cc5tsL4D.s 			page 24


 187:src/riscv.cpp ****     }
 668              		.loc 1 187 15 is_stmt 0
 669 0240 833704FB 		ld	a5,-80(s0)
 670              	.LVL44:
 671              	.LBB97:
 672              	.LBB98:
 118:src/../h/riscv.hpp **** }
 673              		.loc 2 118 5 is_stmt 1
 118:src/../h/riscv.hpp **** }
 674              		.loc 2 118 65 is_stmt 0
 675              	#APP
 676              	# 118 "src/../h/riscv.hpp" 1
 677              		csrw sepc, a5
 678              	# 0 "" 2
 679              	.LVL45:
 680              	#NO_APP
 681              	.L3:
 682              	.LBE98:
 683              	.LBE97:
 684              	.LBE100:
 685              	.LBE105:
 205:src/riscv.cpp ****     }
 206:src/riscv.cpp **** }
 686              		.loc 1 206 1
 687 0248 83308104 		ld	ra,72(sp)
 688              		.cfi_remember_state
 689              		.cfi_restore 1
 690 024c 03340104 		ld	s0,64(sp)
 691              		.cfi_restore 8
 692              		.cfi_def_cfa 2, 80
 693 0250 83348103 		ld	s1,56(sp)
 694              		.cfi_restore 9
 695 0254 03390103 		ld	s2,48(sp)
 696              		.cfi_restore 18
 697 0258 13010105 		addi	sp,sp,80
 698              		.cfi_def_cfa_offset 0
 699 025c 67800000 		jr	ra
 700              	.LVL46:
 701              	.L22:
 702              		.cfi_restore_state
 703              	.LBB106:
 704              	.LBB101:
 705              	.LBB99:
 116:src/riscv.cpp ****                     __asm__ volatile ("sd t0, 80(x8)");
 706              		.loc 1 116 21 is_stmt 1
 116:src/riscv.cpp ****                     __asm__ volatile ("sd t0, 80(x8)");
 707              		.loc 1 116 51 is_stmt 0
 708              	#APP
 709              	# 116 "src/riscv.cpp" 1
 117:src/riscv.cpp ****                 }
 710              		li t0, -1
 711              	# 0 "" 2
 712              		.loc 1 117 21 is_stmt 1
 117:src/riscv.cpp ****                 }
 713              		.loc 1 117 55 is_stmt 0
 714              	# 117 "src/riscv.cpp" 1
 715              		sd t0, 80(x8)
GAS LISTING /tmp/cc5tsL4D.s 			page 25


 716              	# 0 "" 2
 717              	#NO_APP
 718 0268 6FF01FFA 		j	.L12
 719              	.LVL47:
 720              	.L23:
 721              	.LBB90:
 128:src/riscv.cpp ****                 }
 722              		.loc 1 128 21 is_stmt 1
 128:src/riscv.cpp ****                 }
 723              		.loc 1 128 51 is_stmt 0
 724              	#APP
 725              	# 128 "src/riscv.cpp" 1
 726              		li a0, -1
 727              	# 0 "" 2
 728              	#NO_APP
 729 0270 6FF09FFC 		j	.L5
 730              	.LVL48:
 731              	.L11:
 732              	.LBE90:
 133:src/riscv.cpp ****                 MySemaphore* sem;
 733              		.loc 1 133 13 is_stmt 1
 133:src/riscv.cpp ****                 MySemaphore* sem;
 734              		.loc 1 133 24
 735              	.LBB91:
 134:src/riscv.cpp ****                 __asm__ volatile ("mv %0, a1" : "=r"(sem));
 736              		.loc 1 134 17
 135:src/riscv.cpp ****                 if (sem != nullptr) {
 737              		.loc 1 135 17
 135:src/riscv.cpp ****                 if (sem != nullptr) {
 738              		.loc 1 135 59 is_stmt 0
 739              	#APP
 740              	# 135 "src/riscv.cpp" 1
 741              		mv a0, a1
 742              	# 0 "" 2
 743              	.LVL49:
 136:src/riscv.cpp ****                     returnVal = sem->close();
 744              		.loc 1 136 17 is_stmt 1
 745              	#NO_APP
 746 0278 630C0500 		beqz	a0,.L31
 137:src/riscv.cpp ****                 } else {
 747              		.loc 1 137 21
 137:src/riscv.cpp ****                 } else {
 748              		.loc 1 137 43 is_stmt 0
 749 027c 97000000 		call	_ZN11MySemaphore5closeEv@plt
 749      E7800000 
 750              	.LVL50:
 751 0284 93070500 		mv	a5,a0
 752              	.LVL51:
 753              	.L24:
 141:src/riscv.cpp ****                 break;
 754              		.loc 1 141 17 is_stmt 1
 141:src/riscv.cpp ****                 break;
 755              		.loc 1 141 66 is_stmt 0
 756              	#APP
 757              	# 141 "src/riscv.cpp" 1
 142:src/riscv.cpp ****             }
 758              		mv a0, a5
GAS LISTING /tmp/cc5tsL4D.s 			page 26


 759              	# 0 "" 2
 760              		.loc 1 142 17 is_stmt 1
 761              	#NO_APP
 762 028c 6FF0DFFA 		j	.L5
 763              	.LVL52:
 764              	.L31:
 139:src/riscv.cpp ****                 }
 765              		.loc 1 139 31 is_stmt 0
 766 0290 9307F0FF 		li	a5,-1
 767 0294 6FF05FFF 		j	.L24
 768              	.LVL53:
 769              	.L10:
 770              	.LBE91:
 144:src/riscv.cpp ****                 MySemaphore* sem;
 771              		.loc 1 144 13 is_stmt 1
 144:src/riscv.cpp ****                 MySemaphore* sem;
 772              		.loc 1 144 24
 773              	.LBB92:
 145:src/riscv.cpp ****                 __asm__ volatile ("mv %0, a1" : "=r"(sem));
 774              		.loc 1 145 17
 146:src/riscv.cpp ****                 if (sem != nullptr) {
 775              		.loc 1 146 17
 146:src/riscv.cpp ****                 if (sem != nullptr) {
 776              		.loc 1 146 59 is_stmt 0
 777              	#APP
 778              	# 146 "src/riscv.cpp" 1
 779              		mv a0, a1
 780              	# 0 "" 2
 781              	.LVL54:
 147:src/riscv.cpp ****                     returnVal = sem->wait();
 782              		.loc 1 147 17 is_stmt 1
 783              	#NO_APP
 784 029c 630C0500 		beqz	a0,.L32
 148:src/riscv.cpp ****                 } else {
 785              		.loc 1 148 21
 148:src/riscv.cpp ****                 } else {
 786              		.loc 1 148 42 is_stmt 0
 787 02a0 97000000 		call	_ZN11MySemaphore4waitEv@plt
 787      E7800000 
 788              	.LVL55:
 789 02a8 93070500 		mv	a5,a0
 790              	.LVL56:
 791              	.L25:
 152:src/riscv.cpp ****                 break;
 792              		.loc 1 152 17 is_stmt 1
 152:src/riscv.cpp ****                 break;
 793              		.loc 1 152 66 is_stmt 0
 794              	#APP
 795              	# 152 "src/riscv.cpp" 1
 153:src/riscv.cpp ****             }
 796              		mv a0, a5
 797              	# 0 "" 2
 798              		.loc 1 153 17 is_stmt 1
 799              	#NO_APP
 800 02b0 6FF09FF8 		j	.L5
 801              	.LVL57:
 802              	.L32:
GAS LISTING /tmp/cc5tsL4D.s 			page 27


 150:src/riscv.cpp ****                 }
 803              		.loc 1 150 31 is_stmt 0
 804 02b4 9307F0FF 		li	a5,-1
 805 02b8 6FF05FFF 		j	.L25
 806              	.LVL58:
 807              	.L9:
 808              	.LBE92:
 155:src/riscv.cpp ****                 MySemaphore* sem;
 809              		.loc 1 155 13 is_stmt 1
 155:src/riscv.cpp ****                 MySemaphore* sem;
 810              		.loc 1 155 24
 811              	.LBB93:
 156:src/riscv.cpp ****                 __asm__ volatile ("mv %0, a1" : "=r"(sem));
 812              		.loc 1 156 17
 157:src/riscv.cpp ****                 if (sem != nullptr) {
 813              		.loc 1 157 17
 157:src/riscv.cpp ****                 if (sem != nullptr) {
 814              		.loc 1 157 59 is_stmt 0
 815              	#APP
 816              	# 157 "src/riscv.cpp" 1
 817              		mv a0, a1
 818              	# 0 "" 2
 819              	.LVL59:
 158:src/riscv.cpp ****                     returnVal = sem->signal();
 820              		.loc 1 158 17 is_stmt 1
 821              	#NO_APP
 822 02c0 630C0500 		beqz	a0,.L33
 159:src/riscv.cpp ****                 } else {
 823              		.loc 1 159 21
 159:src/riscv.cpp ****                 } else {
 824              		.loc 1 159 44 is_stmt 0
 825 02c4 97000000 		call	_ZN11MySemaphore6signalEv@plt
 825      E7800000 
 826              	.LVL60:
 827 02cc 93070500 		mv	a5,a0
 828              	.LVL61:
 829              	.L26:
 163:src/riscv.cpp ****                 break;
 830              		.loc 1 163 17 is_stmt 1
 163:src/riscv.cpp ****                 break;
 831              		.loc 1 163 66 is_stmt 0
 832              	#APP
 833              	# 163 "src/riscv.cpp" 1
 164:src/riscv.cpp ****             }
 834              		mv a0, a5
 835              	# 0 "" 2
 836              		.loc 1 164 17 is_stmt 1
 837              	#NO_APP
 838 02d4 6FF05FF6 		j	.L5
 839              	.LVL62:
 840              	.L33:
 161:src/riscv.cpp ****                 }
 841              		.loc 1 161 31 is_stmt 0
 842 02d8 9307F0FF 		li	a5,-1
 843 02dc 6FF05FFF 		j	.L26
 844              	.LVL63:
 845              	.L8:
GAS LISTING /tmp/cc5tsL4D.s 			page 28


 846              	.LBE93:
 167:src/riscv.cpp ****                 //getc
 847              		.loc 1 167 13 is_stmt 1
 169:src/riscv.cpp ****                 __asm__ volatile ("mv t0, %0" : : "r"(returnVal));
 848              		.loc 1 169 17
 169:src/riscv.cpp ****                 __asm__ volatile ("mv t0, %0" : : "r"(returnVal));
 849              		.loc 1 169 35 is_stmt 0
 850 02e0 97000000 		call	__getc@plt
 850      E7800000 
 851              	.LVL64:
 170:src/riscv.cpp ****                 __asm__ volatile ("sw t0, 80(x8)");
 852              		.loc 1 170 17 is_stmt 1
 170:src/riscv.cpp ****                 __asm__ volatile ("sw t0, 80(x8)");
 853              		.loc 1 170 66 is_stmt 0
 854              	#APP
 855              	# 170 "src/riscv.cpp" 1
 171:src/riscv.cpp ****                 break;
 856              		mv t0, a0
 857              	# 0 "" 2
 858              		.loc 1 171 17 is_stmt 1
 171:src/riscv.cpp ****                 break;
 859              		.loc 1 171 51 is_stmt 0
 860              	# 171 "src/riscv.cpp" 1
 172:src/riscv.cpp **** 
 861              		sw t0, 80(x8)
 862              	# 0 "" 2
 863              		.loc 1 172 17 is_stmt 1
 864              	#NO_APP
 865 02f0 6FF09FF4 		j	.L5
 866              	.LVL65:
 867              	.L6:
 174:src/riscv.cpp ****                 //putc
 868              		.loc 1 174 13
 176:src/riscv.cpp ****                 __asm__ volatile ("mv %0, a1" : "=r" (c));
 869              		.loc 1 176 17
 177:src/riscv.cpp ****                 __putc(c);
 870              		.loc 1 177 17
 177:src/riscv.cpp ****                 __putc(c);
 871              		.loc 1 177 58 is_stmt 0
 872              	#APP
 873              	# 177 "src/riscv.cpp" 1
 874              		mv a0, a1
 875              	# 0 "" 2
 876              	.LVL66:
 178:src/riscv.cpp ****                 break;
 877              		.loc 1 178 17 is_stmt 1
 178:src/riscv.cpp ****                 break;
 878              		.loc 1 178 23 is_stmt 0
 879              	#NO_APP
 880 02f8 1375F50F 		andi	a0,a0,0xff
 881 02fc 97000000 		call	__putc@plt
 881      E7800000 
 882              	.LVL67:
 179:src/riscv.cpp **** 
 883              		.loc 1 179 17 is_stmt 1
 884 0304 6FF05FF3 		j	.L5
 885              	.L36:
GAS LISTING /tmp/cc5tsL4D.s 			page 29


 886              	.LBE99:
 887              	.LBE101:
 888              	.LBB102:
 190:src/riscv.cpp **** } else if(scause == 0x8000000000000009UL){
 889              		.loc 1 190 1
 890              	.LVL68:
 891              	.LBB65:
 892              	.LBB66:
 152:src/../h/riscv.hpp **** }
 893              		.loc 2 152 5
 152:src/../h/riscv.hpp **** }
 894              		.loc 2 152 64 is_stmt 0
 895 0308 93072000 		li	a5,2
 896              	#APP
 897              	# 152 "src/../h/riscv.hpp" 1
 153:src/../h/riscv.hpp **** 
 898              		csrc sip, a5
 899              	# 0 "" 2
 900              		.loc 2 153 1
 901              	#NO_APP
 902 0310 6FF09FF3 		j	.L3
 903              	.LVL69:
 904              	.L37:
 905              	.LBE66:
 906              	.LBE65:
 907              	.LBB67:
 192:src/riscv.cpp **** }
 908              		.loc 1 192 1 is_stmt 1
 192:src/riscv.cpp **** }
 909              		.loc 1 192 16 is_stmt 0
 910 0314 97000000 		call	console_handler@plt
 910      E7800000 
 911              	.LVL70:
 912 031c 6FF0DFF2 		j	.L3
 913              	.LBE67:
 914              	.LBE102:
 915              	.LBE106:
 916              		.cfi_endproc
 917              	.LFE60:
 919              		.align	2
 920              		.globl	_ZN5Riscv22handleConsoleInterruptEv
 922              	_ZN5Riscv22handleConsoleInterruptEv:
 923              	.LFB61:
 207:src/riscv.cpp **** 
 208:src/riscv.cpp **** void Riscv::handleConsoleInterrupt() {
 924              		.loc 1 208 38 is_stmt 1
 925              		.cfi_startproc
 926 0320 130101FE 		addi	sp,sp,-32
 927              		.cfi_def_cfa_offset 32
 928 0324 233C1100 		sd	ra,24(sp)
 929 0328 23388100 		sd	s0,16(sp)
 930 032c 23349100 		sd	s1,8(sp)
 931              		.cfi_offset 1, -8
 932              		.cfi_offset 8, -16
 933              		.cfi_offset 9, -24
 934 0330 13040102 		addi	s0,sp,32
 935              		.cfi_def_cfa 8, 0
GAS LISTING /tmp/cc5tsL4D.s 			page 30


 209:src/riscv.cpp ****     uint64 irq =plic_claim();
 936              		.loc 1 209 5
 937              		.loc 1 209 27 is_stmt 0
 938 0334 97000000 		call	plic_claim@plt
 938      E7800000 
 939              	.LVL71:
 940 033c 93040500 		mv	s1,a0
 941              	.LVL72:
 210:src/riscv.cpp ****     if(irq==0x0a) {
 942              		.loc 1 210 5 is_stmt 1
 943 0340 9307A000 		li	a5,10
 944 0344 6302F502 		beq	a0,a5,.L41
 945              	.LVL73:
 946              	.L39:
 211:src/riscv.cpp ****         console_handler();
 212:src/riscv.cpp ****     }
 213:src/riscv.cpp ****     plic_complete(irq);
 947              		.loc 1 213 5
 948              		.loc 1 213 18 is_stmt 0
 949 0348 13850400 		mv	a0,s1
 950 034c 97000000 		call	plic_complete@plt
 950      E7800000 
 951              	.LVL74:
 214:src/riscv.cpp **** }
 952              		.loc 1 214 1
 953 0354 83308101 		ld	ra,24(sp)
 954              		.cfi_remember_state
 955              		.cfi_restore 1
 956 0358 03340101 		ld	s0,16(sp)
 957              		.cfi_restore 8
 958              		.cfi_def_cfa 2, 32
 959 035c 83348100 		ld	s1,8(sp)
 960              		.cfi_restore 9
 961 0360 13010102 		addi	sp,sp,32
 962              		.cfi_def_cfa_offset 0
 963 0364 67800000 		jr	ra
 964              	.LVL75:
 965              	.L41:
 966              		.cfi_restore_state
 211:src/riscv.cpp ****         console_handler();
 967              		.loc 1 211 9 is_stmt 1
 211:src/riscv.cpp ****         console_handler();
 968              		.loc 1 211 24 is_stmt 0
 969 0368 97000000 		call	console_handler@plt
 969      E7800000 
 970              	.LVL76:
 971 0370 6FF09FFD 		j	.L39
 972              		.cfi_endproc
 973              	.LFE61:
 975              		.align	2
 976              		.globl	_ZN5Riscv20handleTimerInterruptEv
 978              	_ZN5Riscv20handleTimerInterruptEv:
 979              	.LFB62:
 215:src/riscv.cpp **** 
 216:src/riscv.cpp **** void Riscv::handleTimerInterrupt() {
 980              		.loc 1 216 36 is_stmt 1
 981              		.cfi_startproc
GAS LISTING /tmp/cc5tsL4D.s 			page 31


 982 0374 130101FF 		addi	sp,sp,-16
 983              		.cfi_def_cfa_offset 16
 984 0378 23348100 		sd	s0,8(sp)
 985              		.cfi_offset 8, -8
 986 037c 13040101 		addi	s0,sp,16
 987              		.cfi_def_cfa 8, 0
 217:src/riscv.cpp ****     mc_sip(SIP_SSIP);
 988              		.loc 1 217 5
 989              	.LVL77:
 990              	.LBB107:
 991              	.LBB108:
 152:src/../h/riscv.hpp **** }
 992              		.loc 2 152 5
 152:src/../h/riscv.hpp **** }
 993              		.loc 2 152 64 is_stmt 0
 994 0380 93072000 		li	a5,2
 995              	#APP
 996              	# 152 "src/../h/riscv.hpp" 1
 997              		csrc sip, a5
 998              	# 0 "" 2
 999              	.LVL78:
 1000              	#NO_APP
 1001              	.LBE108:
 1002              	.LBE107:
 218:src/riscv.cpp ****     /*uint64 volatile sepc = r_sepc();
 219:src/riscv.cpp ****     uint64 volatile sstatus = r_sstatus();
 220:src/riscv.cpp ****     TCB::dispatch();
 221:src/riscv.cpp ****     w_sstatus(sstatus);
 222:src/riscv.cpp ****     w_sepc(sepc);*/
 223:src/riscv.cpp **** }
 1003              		.loc 1 223 1
 1004 0388 03348100 		ld	s0,8(sp)
 1005              		.cfi_restore 8
 1006              		.cfi_def_cfa 2, 16
 1007 038c 13010101 		addi	sp,sp,16
 1008              		.cfi_def_cfa_offset 0
 1009 0390 67800000 		jr	ra
 1010              		.cfi_endproc
 1011              	.LFE62:
 1013              	.Letext0:
 1014              		.file 6 "src/../h/../lib/hw.h"
 1015              		.file 7 "src/../h/MemoryAllocator.hpp"
 1016              		.file 8 "src/../h/syscall_c.hpp"
 1017              		.file 9 "src/../lib/console.h"
 1018              		.file 10 "src/../h/print.hpp"
GAS LISTING /tmp/cc5tsL4D.s 			page 32


DEFINED SYMBOLS
                            *ABS*:0000000000000000 riscv.cpp
     /tmp/cc5tsL4D.s:9      .text:0000000000000000 _ZN5Riscv10popSppSpieEv
     /tmp/cc5tsL4D.s:13     .text:0000000000000000 .L0 
     /tmp/cc5tsL4D.s:14     .text:0000000000000000 .L0 
     /tmp/cc5tsL4D.s:15     .text:0000000000000004 .L0 
     /tmp/cc5tsL4D.s:17     .text:0000000000000008 .L0 
     /tmp/cc5tsL4D.s:19     .text:000000000000000c .L0 
     /tmp/cc5tsL4D.s:25     .text:000000000000000c .L0 
     /tmp/cc5tsL4D.s:26     .text:000000000000000c .L0 
     /tmp/cc5tsL4D.s:27     .text:000000000000000c .L0 
     /tmp/cc5tsL4D.s:37     .text:0000000000000014 .L0 
       src/riscv.cpp:18     .text:0000000000000014 .L0 
     /tmp/cc5tsL4D.s:43     .text:0000000000000018 .L0 
       src/riscv.cpp:19     .text:0000000000000018 .L0 
     /tmp/cc5tsL4D.s:49     .text:000000000000001c .L0 
     /tmp/cc5tsL4D.s:50     .text:0000000000000020 .L0 
     /tmp/cc5tsL4D.s:51     .text:0000000000000020 .L0 
     /tmp/cc5tsL4D.s:53     .text:0000000000000024 .L0 
     /tmp/cc5tsL4D.s:55     .text:0000000000000028 .L0 
     /tmp/cc5tsL4D.s:72     .text:0000000000000028 _ZN5Riscv20handleSupervisorTrapEv
     /tmp/cc5tsL4D.s:75     .text:0000000000000028 .L0 
     /tmp/cc5tsL4D.s:76     .text:0000000000000028 .L0 
     /tmp/cc5tsL4D.s:77     .text:000000000000002c .L0 
     /tmp/cc5tsL4D.s:82     .text:000000000000003c .L0 
     /tmp/cc5tsL4D.s:83     .text:000000000000003c .L0 
     /tmp/cc5tsL4D.s:84     .text:000000000000003c .L0 
     /tmp/cc5tsL4D.s:85     .text:000000000000003c .L0 
     /tmp/cc5tsL4D.s:87     .text:0000000000000040 .L0 
     /tmp/cc5tsL4D.s:91     .text:0000000000000040 .L0 
     /tmp/cc5tsL4D.s:92     .text:0000000000000040 .L0 
     /tmp/cc5tsL4D.s:93     .text:0000000000000040 .L0 
  src/../h/riscv.hpp:100    .text:0000000000000040 .L0 
     /tmp/cc5tsL4D.s:101    .text:0000000000000048 .L0 
     /tmp/cc5tsL4D.s:102    .text:0000000000000048 .L0 
     /tmp/cc5tsL4D.s:108    .text:000000000000004c .L0 
     /tmp/cc5tsL4D.s:109    .text:000000000000004c .L0 
     /tmp/cc5tsL4D.s:111    .text:0000000000000050 .L0 
     /tmp/cc5tsL4D.s:117    .text:0000000000000058 .L0 
     /tmp/cc5tsL4D.s:127    .text:0000000000000068 .L0 
     /tmp/cc5tsL4D.s:133    .text:0000000000000078 .L0 
     /tmp/cc5tsL4D.s:134    .text:0000000000000078 .L0 
     /tmp/cc5tsL4D.s:138    .text:0000000000000088 .L0 
     /tmp/cc5tsL4D.s:139    .text:0000000000000088 .L0 
     /tmp/cc5tsL4D.s:143    .text:0000000000000094 .L0 
     /tmp/cc5tsL4D.s:144    .text:0000000000000094 .L0 
       src/riscv.cpp:199    .text:0000000000000094 .L0 
     /tmp/cc5tsL4D.s:151    .text:0000000000000098 .L0 
     /tmp/cc5tsL4D.s:153    .text:0000000000000098 .L0 
     /tmp/cc5tsL4D.s:157    .text:00000000000000a8 .L0 
     /tmp/cc5tsL4D.s:158    .text:00000000000000a8 .L0 
     /tmp/cc5tsL4D.s:162    .text:00000000000000b4 .L0 
     /tmp/cc5tsL4D.s:163    .text:00000000000000b4 .L0 
     /tmp/cc5tsL4D.s:168    .text:00000000000000c4 .L0 
     /tmp/cc5tsL4D.s:169    .text:00000000000000c4 .L0 
     /tmp/cc5tsL4D.s:179    .text:00000000000000c8 .L0 
     /tmp/cc5tsL4D.s:180    .text:00000000000000c8 .L0 
GAS LISTING /tmp/cc5tsL4D.s 			page 33


     /tmp/cc5tsL4D.s:181    .text:00000000000000c8 .L0 
  src/../h/riscv.hpp:112    .text:00000000000000c8 .L0 
     /tmp/cc5tsL4D.s:189    .text:00000000000000d0 .L0 
     /tmp/cc5tsL4D.s:190    .text:00000000000000d0 .L0 
     /tmp/cc5tsL4D.s:194    .text:00000000000000d4 .L0 
     /tmp/cc5tsL4D.s:196    .text:00000000000000d8 .L0 
     /tmp/cc5tsL4D.s:200    .text:00000000000000dc .L0 
     /tmp/cc5tsL4D.s:201    .text:00000000000000dc .L0 
     /tmp/cc5tsL4D.s:202    .text:00000000000000dc .L0 
  src/../h/riscv.hpp:180    .text:00000000000000dc .L0 
     /tmp/cc5tsL4D.s:210    .text:00000000000000e4 .L0 
     /tmp/cc5tsL4D.s:211    .text:00000000000000e4 .L0 
     /tmp/cc5tsL4D.s:215    .text:00000000000000e8 .L0 
     /tmp/cc5tsL4D.s:219    .text:00000000000000ec .L0 
     /tmp/cc5tsL4D.s:220    .text:00000000000000ec .L0 
     /tmp/cc5tsL4D.s:221    .text:00000000000000ec .L0 
  src/../h/riscv.hpp:190    .text:00000000000000ec .L0 
     /tmp/cc5tsL4D.s:229    .text:00000000000000f4 .L0 
     /tmp/cc5tsL4D.s:230    .text:00000000000000f4 .L0 
     /tmp/cc5tsL4D.s:235    .text:00000000000000f8 .L0 
     /tmp/cc5tsL4D.s:236    .text:00000000000000f8 .L0 
     /tmp/cc5tsL4D.s:320    .text:000000000000011c .L0 
     /tmp/cc5tsL4D.s:321    .text:000000000000011c .L0 
     /tmp/cc5tsL4D.s:322    .text:000000000000011c .L0 
     /tmp/cc5tsL4D.s:323    .text:000000000000011c .L0 
       src/riscv.cpp:39     .text:000000000000011c .L0 
     /tmp/cc5tsL4D.s:330    .text:0000000000000120 .L0 
     /tmp/cc5tsL4D.s:332    .text:0000000000000120 .L0 
     /tmp/cc5tsL4D.s:335    .text:0000000000000128 .L0 
       src/riscv.cpp:41     .text:0000000000000128 .L0 
     /tmp/cc5tsL4D.s:341    .text:000000000000012c .L0 
       src/riscv.cpp:42     .text:000000000000012c .L0 
     /tmp/cc5tsL4D.s:347    .text:0000000000000130 .L0 
     /tmp/cc5tsL4D.s:351    .text:0000000000000134 .L0 
     /tmp/cc5tsL4D.s:352    .text:0000000000000134 .L0 
     /tmp/cc5tsL4D.s:353    .text:0000000000000134 .L0 
       src/riscv.cpp:46     .text:0000000000000134 .L0 
     /tmp/cc5tsL4D.s:360    .text:0000000000000138 .L0 
     /tmp/cc5tsL4D.s:362    .text:0000000000000138 .L0 
     /tmp/cc5tsL4D.s:365    .text:0000000000000140 .L0 
       src/riscv.cpp:49     .text:0000000000000140 .L0 
     /tmp/cc5tsL4D.s:372    .text:0000000000000144 .L0 
       src/riscv.cpp:50     .text:0000000000000144 .L0 
     /tmp/cc5tsL4D.s:378    .text:0000000000000148 .L0 
     /tmp/cc5tsL4D.s:381    .text:000000000000014c .L0 
     /tmp/cc5tsL4D.s:383    .text:000000000000014c .L0 
     /tmp/cc5tsL4D.s:384    .text:000000000000014c .L0 
     /tmp/cc5tsL4D.s:385    .text:000000000000014c .L0 
       src/riscv.cpp:54     .text:000000000000014c .L0 
     /tmp/cc5tsL4D.s:392    .text:0000000000000150 .L0 
     /tmp/cc5tsL4D.s:394    .text:0000000000000150 .L0 
     /tmp/cc5tsL4D.s:397    .text:0000000000000158 .L0 
     /tmp/cc5tsL4D.s:401    .text:000000000000015c .L0 
     /tmp/cc5tsL4D.s:403    .text:000000000000015c .L0 
     /tmp/cc5tsL4D.s:404    .text:000000000000015c .L0 
     /tmp/cc5tsL4D.s:405    .text:000000000000015c .L0 
     /tmp/cc5tsL4D.s:408    .text:0000000000000164 .L0 
GAS LISTING /tmp/cc5tsL4D.s 			page 34


     /tmp/cc5tsL4D.s:409    .text:0000000000000164 .L0 
     /tmp/cc5tsL4D.s:412    .text:0000000000000170 .L0 
       src/riscv.cpp:62     .text:0000000000000170 .L0 
     /tmp/cc5tsL4D.s:418    .text:0000000000000174 .L0 
       src/riscv.cpp:63     .text:0000000000000174 .L0 
     /tmp/cc5tsL4D.s:424    .text:0000000000000178 .L0 
     /tmp/cc5tsL4D.s:429    .text:000000000000017c .L0 
     /tmp/cc5tsL4D.s:430    .text:000000000000017c .L0 
     /tmp/cc5tsL4D.s:431    .text:000000000000017c .L0 
     /tmp/cc5tsL4D.s:432    .text:000000000000017c .L0 
     /tmp/cc5tsL4D.s:433    .text:000000000000017c .L0 
       src/riscv.cpp:71     .text:000000000000017c .L0 
     /tmp/cc5tsL4D.s:440    .text:0000000000000180 .L0 
       src/riscv.cpp:72     .text:0000000000000180 .L0 
     /tmp/cc5tsL4D.s:446    .text:0000000000000184 .L0 
       src/riscv.cpp:73     .text:0000000000000184 .L0 
     /tmp/cc5tsL4D.s:452    .text:0000000000000188 .L0 
     /tmp/cc5tsL4D.s:454    .text:0000000000000188 .L0 
     /tmp/cc5tsL4D.s:457    .text:0000000000000190 .L0 
     /tmp/cc5tsL4D.s:459    .text:0000000000000194 .L0 
     /tmp/cc5tsL4D.s:461    .text:0000000000000198 .L0 
       src/riscv.cpp:77     .text:0000000000000198 .L0 
     /tmp/cc5tsL4D.s:467    .text:000000000000019c .L0 
       src/riscv.cpp:78     .text:000000000000019c .L0 
     /tmp/cc5tsL4D.s:475    .text:00000000000001a4 .L0 
       src/riscv.cpp:82     .text:00000000000001a4 .L0 
     /tmp/cc5tsL4D.s:481    .text:00000000000001a8 .L0 
       src/riscv.cpp:83     .text:00000000000001a8 .L0 
     /tmp/cc5tsL4D.s:490    .text:00000000000001b0 .L0 
     /tmp/cc5tsL4D.s:491    .text:00000000000001b0 .L0 
     /tmp/cc5tsL4D.s:492    .text:00000000000001b0 .L0 
     /tmp/cc5tsL4D.s:499    .text:00000000000001bc .L0 
     /tmp/cc5tsL4D.s:500    .text:00000000000001bc .L0 
     /tmp/cc5tsL4D.s:506    .text:00000000000001c4 .L0 
     /tmp/cc5tsL4D.s:507    .text:00000000000001c4 .L0 
     /tmp/cc5tsL4D.s:510    .text:00000000000001cc .L0 
       src/riscv.cpp:92     .text:00000000000001cc .L0 
     /tmp/cc5tsL4D.s:516    .text:00000000000001d0 .L0 
       src/riscv.cpp:93     .text:00000000000001d0 .L0 
     /tmp/cc5tsL4D.s:522    .text:00000000000001d4 .L0 
     /tmp/cc5tsL4D.s:525    .text:00000000000001d8 .L0 
     /tmp/cc5tsL4D.s:526    .text:00000000000001d8 .L0 
     /tmp/cc5tsL4D.s:527    .text:00000000000001d8 .L0 
     /tmp/cc5tsL4D.s:530    .text:00000000000001e0 .L0 
     /tmp/cc5tsL4D.s:533    .text:00000000000001e4 .L0 
     /tmp/cc5tsL4D.s:534    .text:00000000000001e4 .L0 
     /tmp/cc5tsL4D.s:535    .text:00000000000001e4 .L0 
     /tmp/cc5tsL4D.s:536    .text:00000000000001e4 .L0 
     /tmp/cc5tsL4D.s:537    .text:00000000000001e4 .L0 
       src/riscv.cpp:105    .text:00000000000001e4 .L0 
     /tmp/cc5tsL4D.s:544    .text:00000000000001e8 .L0 
       src/riscv.cpp:106    .text:00000000000001e8 .L0 
     /tmp/cc5tsL4D.s:550    .text:00000000000001ec .L0 
       src/riscv.cpp:107    .text:00000000000001ec .L0 
     /tmp/cc5tsL4D.s:556    .text:00000000000001f0 .L0 
     /tmp/cc5tsL4D.s:558    .text:00000000000001f0 .L0 
     /tmp/cc5tsL4D.s:561    .text:00000000000001f8 .L0 
GAS LISTING /tmp/cc5tsL4D.s 			page 35


     /tmp/cc5tsL4D.s:563    .text:00000000000001fc .L0 
     /tmp/cc5tsL4D.s:565    .text:0000000000000200 .L0 
       src/riscv.cpp:111    .text:0000000000000200 .L0 
     /tmp/cc5tsL4D.s:571    .text:0000000000000204 .L0 
       src/riscv.cpp:112    .text:0000000000000204 .L0 
     /tmp/cc5tsL4D.s:579    .text:0000000000000208 .L0 
     /tmp/cc5tsL4D.s:581    .text:0000000000000208 .L0 
     /tmp/cc5tsL4D.s:582    .text:0000000000000208 .L0 
     /tmp/cc5tsL4D.s:583    .text:0000000000000208 .L0 
     /tmp/cc5tsL4D.s:584    .text:0000000000000208 .L0 
       src/riscv.cpp:122    .text:0000000000000208 .L0 
     /tmp/cc5tsL4D.s:591    .text:000000000000020c .L0 
       src/riscv.cpp:123    .text:000000000000020c .L0 
     /tmp/cc5tsL4D.s:603    .text:0000000000000210 .L0 
     /tmp/cc5tsL4D.s:611    .text:0000000000000210 .L0 
     /tmp/cc5tsL4D.s:612    .text:0000000000000210 .L0 
     /tmp/cc5tsL4D.s:613    .text:0000000000000210 .L0 
     /tmp/cc5tsL4D.s:621    .text:000000000000021c .L0 
     /tmp/cc5tsL4D.s:628    .text:0000000000000224 .L0 
     /tmp/cc5tsL4D.s:637    .text:000000000000022c .L0 
     /tmp/cc5tsL4D.s:639    .text:0000000000000230 .L0 
     /tmp/cc5tsL4D.s:641    .text:0000000000000234 .L0 
       src/riscv.cpp:126    .text:0000000000000234 .L0 
     /tmp/cc5tsL4D.s:652    .text:0000000000000238 .L0 
     /tmp/cc5tsL4D.s:653    .text:0000000000000238 .L0 
     /tmp/cc5tsL4D.s:658    .text:000000000000023c .L0 
  src/../h/riscv.hpp:186    .text:000000000000023c .L0 
     /tmp/cc5tsL4D.s:668    .text:0000000000000240 .L0 
     /tmp/cc5tsL4D.s:669    .text:0000000000000240 .L0 
     /tmp/cc5tsL4D.s:674    .text:0000000000000244 .L0 
  src/../h/riscv.hpp:118    .text:0000000000000244 .L0 
     /tmp/cc5tsL4D.s:687    .text:0000000000000248 .L0 
     /tmp/cc5tsL4D.s:688    .text:000000000000024c .L0 
     /tmp/cc5tsL4D.s:689    .text:000000000000024c .L0 
     /tmp/cc5tsL4D.s:691    .text:0000000000000250 .L0 
     /tmp/cc5tsL4D.s:692    .text:0000000000000250 .L0 
     /tmp/cc5tsL4D.s:694    .text:0000000000000254 .L0 
     /tmp/cc5tsL4D.s:696    .text:0000000000000258 .L0 
     /tmp/cc5tsL4D.s:698    .text:000000000000025c .L0 
     /tmp/cc5tsL4D.s:702    .text:0000000000000260 .L0 
     /tmp/cc5tsL4D.s:707    .text:0000000000000260 .L0 
       src/riscv.cpp:116    .text:0000000000000260 .L0 
     /tmp/cc5tsL4D.s:713    .text:0000000000000264 .L0 
       src/riscv.cpp:117    .text:0000000000000264 .L0 
     /tmp/cc5tsL4D.s:723    .text:000000000000026c .L0 
       src/riscv.cpp:128    .text:000000000000026c .L0 
     /tmp/cc5tsL4D.s:734    .text:0000000000000274 .L0 
     /tmp/cc5tsL4D.s:736    .text:0000000000000274 .L0 
     /tmp/cc5tsL4D.s:737    .text:0000000000000274 .L0 
     /tmp/cc5tsL4D.s:738    .text:0000000000000274 .L0 
       src/riscv.cpp:135    .text:0000000000000274 .L0 
     /tmp/cc5tsL4D.s:746    .text:0000000000000278 .L0 
     /tmp/cc5tsL4D.s:748    .text:000000000000027c .L0 
     /tmp/cc5tsL4D.s:749    .text:000000000000027c .L0 
     /tmp/cc5tsL4D.s:755    .text:0000000000000288 .L0 
       src/riscv.cpp:141    .text:0000000000000288 .L0 
     /tmp/cc5tsL4D.s:762    .text:000000000000028c .L0 
GAS LISTING /tmp/cc5tsL4D.s 			page 36


     /tmp/cc5tsL4D.s:766    .text:0000000000000290 .L0 
     /tmp/cc5tsL4D.s:772    .text:0000000000000298 .L0 
     /tmp/cc5tsL4D.s:774    .text:0000000000000298 .L0 
     /tmp/cc5tsL4D.s:775    .text:0000000000000298 .L0 
     /tmp/cc5tsL4D.s:776    .text:0000000000000298 .L0 
       src/riscv.cpp:146    .text:0000000000000298 .L0 
     /tmp/cc5tsL4D.s:784    .text:000000000000029c .L0 
     /tmp/cc5tsL4D.s:786    .text:00000000000002a0 .L0 
     /tmp/cc5tsL4D.s:787    .text:00000000000002a0 .L0 
     /tmp/cc5tsL4D.s:793    .text:00000000000002ac .L0 
       src/riscv.cpp:152    .text:00000000000002ac .L0 
     /tmp/cc5tsL4D.s:800    .text:00000000000002b0 .L0 
     /tmp/cc5tsL4D.s:804    .text:00000000000002b4 .L0 
     /tmp/cc5tsL4D.s:810    .text:00000000000002bc .L0 
     /tmp/cc5tsL4D.s:812    .text:00000000000002bc .L0 
     /tmp/cc5tsL4D.s:813    .text:00000000000002bc .L0 
     /tmp/cc5tsL4D.s:814    .text:00000000000002bc .L0 
       src/riscv.cpp:157    .text:00000000000002bc .L0 
     /tmp/cc5tsL4D.s:822    .text:00000000000002c0 .L0 
     /tmp/cc5tsL4D.s:824    .text:00000000000002c4 .L0 
     /tmp/cc5tsL4D.s:825    .text:00000000000002c4 .L0 
     /tmp/cc5tsL4D.s:831    .text:00000000000002d0 .L0 
       src/riscv.cpp:163    .text:00000000000002d0 .L0 
     /tmp/cc5tsL4D.s:838    .text:00000000000002d4 .L0 
     /tmp/cc5tsL4D.s:842    .text:00000000000002d8 .L0 
     /tmp/cc5tsL4D.s:848    .text:00000000000002e0 .L0 
     /tmp/cc5tsL4D.s:849    .text:00000000000002e0 .L0 
     /tmp/cc5tsL4D.s:850    .text:00000000000002e0 .L0 
     /tmp/cc5tsL4D.s:853    .text:00000000000002e8 .L0 
       src/riscv.cpp:170    .text:00000000000002e8 .L0 
     /tmp/cc5tsL4D.s:859    .text:00000000000002ec .L0 
       src/riscv.cpp:171    .text:00000000000002ec .L0 
     /tmp/cc5tsL4D.s:865    .text:00000000000002f0 .L0 
     /tmp/cc5tsL4D.s:869    .text:00000000000002f4 .L0 
     /tmp/cc5tsL4D.s:870    .text:00000000000002f4 .L0 
     /tmp/cc5tsL4D.s:871    .text:00000000000002f4 .L0 
       src/riscv.cpp:177    .text:00000000000002f4 .L0 
     /tmp/cc5tsL4D.s:878    .text:00000000000002f8 .L0 
     /tmp/cc5tsL4D.s:880    .text:00000000000002f8 .L0 
     /tmp/cc5tsL4D.s:884    .text:0000000000000304 .L0 
     /tmp/cc5tsL4D.s:893    .text:0000000000000308 .L0 
     /tmp/cc5tsL4D.s:894    .text:0000000000000308 .L0 
     /tmp/cc5tsL4D.s:895    .text:0000000000000308 .L0 
     /tmp/cc5tsL4D.s:902    .text:0000000000000310 .L0 
     /tmp/cc5tsL4D.s:909    .text:0000000000000314 .L0 
     /tmp/cc5tsL4D.s:910    .text:0000000000000314 .L0 
     /tmp/cc5tsL4D.s:916    .text:0000000000000320 .L0 
     /tmp/cc5tsL4D.s:922    .text:0000000000000320 _ZN5Riscv22handleConsoleInterruptEv
     /tmp/cc5tsL4D.s:925    .text:0000000000000320 .L0 
     /tmp/cc5tsL4D.s:926    .text:0000000000000320 .L0 
     /tmp/cc5tsL4D.s:927    .text:0000000000000324 .L0 
     /tmp/cc5tsL4D.s:931    .text:0000000000000330 .L0 
     /tmp/cc5tsL4D.s:932    .text:0000000000000330 .L0 
     /tmp/cc5tsL4D.s:933    .text:0000000000000330 .L0 
     /tmp/cc5tsL4D.s:935    .text:0000000000000334 .L0 
     /tmp/cc5tsL4D.s:937    .text:0000000000000334 .L0 
     /tmp/cc5tsL4D.s:938    .text:0000000000000334 .L0 
GAS LISTING /tmp/cc5tsL4D.s 			page 37


     /tmp/cc5tsL4D.s:943    .text:0000000000000340 .L0 
     /tmp/cc5tsL4D.s:948    .text:0000000000000348 .L0 
     /tmp/cc5tsL4D.s:949    .text:0000000000000348 .L0 
     /tmp/cc5tsL4D.s:953    .text:0000000000000354 .L0 
     /tmp/cc5tsL4D.s:954    .text:0000000000000358 .L0 
     /tmp/cc5tsL4D.s:955    .text:0000000000000358 .L0 
     /tmp/cc5tsL4D.s:957    .text:000000000000035c .L0 
     /tmp/cc5tsL4D.s:958    .text:000000000000035c .L0 
     /tmp/cc5tsL4D.s:960    .text:0000000000000360 .L0 
     /tmp/cc5tsL4D.s:962    .text:0000000000000364 .L0 
     /tmp/cc5tsL4D.s:966    .text:0000000000000368 .L0 
     /tmp/cc5tsL4D.s:968    .text:0000000000000368 .L0 
     /tmp/cc5tsL4D.s:969    .text:0000000000000368 .L0 
     /tmp/cc5tsL4D.s:972    .text:0000000000000374 .L0 
     /tmp/cc5tsL4D.s:978    .text:0000000000000374 _ZN5Riscv20handleTimerInterruptEv
     /tmp/cc5tsL4D.s:981    .text:0000000000000374 .L0 
     /tmp/cc5tsL4D.s:982    .text:0000000000000374 .L0 
     /tmp/cc5tsL4D.s:983    .text:0000000000000378 .L0 
     /tmp/cc5tsL4D.s:985    .text:000000000000037c .L0 
     /tmp/cc5tsL4D.s:987    .text:0000000000000380 .L0 
     /tmp/cc5tsL4D.s:992    .text:0000000000000380 .L0 
     /tmp/cc5tsL4D.s:993    .text:0000000000000380 .L0 
     /tmp/cc5tsL4D.s:994    .text:0000000000000380 .L0 
     /tmp/cc5tsL4D.s:1004   .text:0000000000000388 .L0 
     /tmp/cc5tsL4D.s:1005   .text:000000000000038c .L0 
     /tmp/cc5tsL4D.s:1006   .text:000000000000038c .L0 
     /tmp/cc5tsL4D.s:1008   .text:0000000000000390 .L0 
     /tmp/cc5tsL4D.s:1010   .text:0000000000000394 .L0 
     /tmp/cc5tsL4D.s:1019   .text:0000000000000394 .L0 
     /tmp/cc5tsL4D.s:60     .rodata.str1.8:0000000000000000 .LC0
     /tmp/cc5tsL4D.s:134    .text:0000000000000078 .L0 
     /tmp/cc5tsL4D.s:63     .rodata.str1.8:0000000000000008 .LC1
     /tmp/cc5tsL4D.s:153    .text:0000000000000098 .L0 
     /tmp/cc5tsL4D.s:66     .rodata.str1.8:0000000000000028 .LC2
     /tmp/cc5tsL4D.s:163    .text:00000000000000b4 .L0 
     /tmp/cc5tsL4D.s:248    .rodata:0000000000000000 .L7
     /tmp/cc5tsL4D.s:240    .text:0000000000000104 .L0 
     /tmp/cc5tsL4D.s:409    .text:0000000000000164 .L0 
     /tmp/cc5tsL4D.s:492    .text:00000000000001b0 .L0 
     /tmp/cc5tsL4D.s:171    .text:00000000000000c8 .L35
     /tmp/cc5tsL4D.s:885    .text:0000000000000308 .L36
     /tmp/cc5tsL4D.s:904    .text:0000000000000314 .L37
     /tmp/cc5tsL4D.s:166    .text:00000000000000c4 .L30
     /tmp/cc5tsL4D.s:648    .text:0000000000000238 .L5
     /tmp/cc5tsL4D.s:473    .text:00000000000001a4 .L21
     /tmp/cc5tsL4D.s:701    .text:0000000000000260 .L22
     /tmp/cc5tsL4D.s:720    .text:000000000000026c .L23
     /tmp/cc5tsL4D.s:577    .text:0000000000000208 .L12
     /tmp/cc5tsL4D.s:764    .text:0000000000000290 .L31
     /tmp/cc5tsL4D.s:753    .text:0000000000000288 .L24
     /tmp/cc5tsL4D.s:802    .text:00000000000002b4 .L32
     /tmp/cc5tsL4D.s:791    .text:00000000000002ac .L25
     /tmp/cc5tsL4D.s:840    .text:00000000000002d8 .L33
     /tmp/cc5tsL4D.s:829    .text:00000000000002d0 .L26
     /tmp/cc5tsL4D.s:681    .text:0000000000000248 .L3
     /tmp/cc5tsL4D.s:965    .text:0000000000000368 .L41
     /tmp/cc5tsL4D.s:946    .text:0000000000000348 .L39
GAS LISTING /tmp/cc5tsL4D.s 			page 38


     /tmp/cc5tsL4D.s:317    .text:000000000000011c .L20
     /tmp/cc5tsL4D.s:349    .text:0000000000000134 .L19
     /tmp/cc5tsL4D.s:398    .text:000000000000015c .L18
     /tmp/cc5tsL4D.s:379    .text:000000000000014c .L17
     /tmp/cc5tsL4D.s:426    .text:000000000000017c .L16
     /tmp/cc5tsL4D.s:488    .text:00000000000001b0 .L15
     /tmp/cc5tsL4D.s:523    .text:00000000000001d8 .L14
     /tmp/cc5tsL4D.s:531    .text:00000000000001e4 .L13
     /tmp/cc5tsL4D.s:731    .text:0000000000000274 .L11
     /tmp/cc5tsL4D.s:769    .text:0000000000000298 .L10
     /tmp/cc5tsL4D.s:807    .text:00000000000002bc .L9
     /tmp/cc5tsL4D.s:845    .text:00000000000002e0 .L8
     /tmp/cc5tsL4D.s:867    .text:00000000000002f4 .L6
     /tmp/cc5tsL4D.s:3089   .debug_abbrev:0000000000000000 .Ldebug_abbrev0
     /tmp/cc5tsL4D.s:4902   .debug_str:0000000000000a43 .LASF209
     /tmp/cc5tsL4D.s:4958   .debug_str:0000000000000ca6 .LASF210
     /tmp/cc5tsL4D.s:4860   .debug_str:0000000000000918 .LASF211
     /tmp/cc5tsL4D.s:5      .text:0000000000000000 .Ltext0
     /tmp/cc5tsL4D.s:1013   .text:0000000000000394 .Letext0
     /tmp/cc5tsL4D.s:4550   .debug_line:0000000000000000 .Ldebug_line0
     /tmp/cc5tsL4D.s:4696   .debug_str:000000000000048f .LASF0
     /tmp/cc5tsL4D.s:4724   .debug_str:000000000000056c .LASF1
     /tmp/cc5tsL4D.s:4836   .debug_str:000000000000086f .LASF2
     /tmp/cc5tsL4D.s:4846   .debug_str:00000000000008b7 .LASF4
     /tmp/cc5tsL4D.s:4704   .debug_str:00000000000004c0 .LASF3
     /tmp/cc5tsL4D.s:4570   .debug_str:00000000000000ae .LASF5
     /tmp/cc5tsL4D.s:4794   .debug_str:0000000000000764 .LASF6
     /tmp/cc5tsL4D.s:4716   .debug_str:0000000000000538 .LASF7
     /tmp/cc5tsL4D.s:4662   .debug_str:0000000000000368 .LASF8
     /tmp/cc5tsL4D.s:4672   .debug_str:00000000000003ba .LASF9
     /tmp/cc5tsL4D.s:4604   .debug_str:00000000000001bb .LASF10
     /tmp/cc5tsL4D.s:4654   .debug_str:0000000000000343 .LASF11
     /tmp/cc5tsL4D.s:4620   .debug_str:0000000000000236 .LASF12
     /tmp/cc5tsL4D.s:4602   .debug_str:00000000000001ab .LASF13
     /tmp/cc5tsL4D.s:4876   .debug_str:0000000000000996 .LASF14
     /tmp/cc5tsL4D.s:4640   .debug_str:00000000000002b3 .LASF15
     /tmp/cc5tsL4D.s:4864   .debug_str:0000000000000949 .LASF16
     /tmp/cc5tsL4D.s:4936   .debug_str:0000000000000c11 .LASF74
     /tmp/cc5tsL4D.s:4820   .debug_str:0000000000000812 .LASF20
     /tmp/cc5tsL4D.s:4730   .debug_str:000000000000058c .LASF17
     /tmp/cc5tsL4D.s:4644   .debug_str:00000000000002e5 .LASF18
     /tmp/cc5tsL4D.s:4962   .debug_str:0000000000000cc0 .LASF19
     /tmp/cc5tsL4D.s:4926   .debug_str:0000000000000bce .LASF21
     /tmp/cc5tsL4D.s:4648   .debug_str:00000000000002ff .LASF22
     /tmp/cc5tsL4D.s:4900   .debug_str:0000000000000a36 .LASF23
     /tmp/cc5tsL4D.s:4628   .debug_str:0000000000000272 .LASF24
     /tmp/cc5tsL4D.s:4684   .debug_str:000000000000041f .LASF61
     /tmp/cc5tsL4D.s:4694   .debug_str:0000000000000477 .LASF63
     /tmp/cc5tsL4D.s:4918   .debug_str:0000000000000b84 .LASF25
     /tmp/cc5tsL4D.s:4914   .debug_str:0000000000000b58 .LASF27
     /tmp/cc5tsL4D.s:4832   .debug_str:000000000000085b .LASF29
     /tmp/cc5tsL4D.s:4778   .debug_str:0000000000000703 .LASF31
     /tmp/cc5tsL4D.s:4814   .debug_str:00000000000007e4 .LASF26
     /tmp/cc5tsL4D.s:4816   .debug_str:00000000000007eb .LASF28
     /tmp/cc5tsL4D.s:4772   .debug_str:00000000000006c6 .LASF30
     /tmp/cc5tsL4D.s:4718   .debug_str:000000000000054b .LASF32
     /tmp/cc5tsL4D.s:4956   .debug_str:0000000000000c9e .LASF33
GAS LISTING /tmp/cc5tsL4D.s 			page 39


     /tmp/cc5tsL4D.s:4908   .debug_str:0000000000000b28 .LASF34
     /tmp/cc5tsL4D.s:4766   .debug_str:00000000000006af .LASF35
     /tmp/cc5tsL4D.s:4776   .debug_str:00000000000006ef .LASF36
     /tmp/cc5tsL4D.s:4736   .debug_str:00000000000005c3 .LASF37
     /tmp/cc5tsL4D.s:4818   .debug_str:00000000000007fe .LASF38
     /tmp/cc5tsL4D.s:4980   .debug_str:0000000000000d5b .LASF39
     /tmp/cc5tsL4D.s:4700   .debug_str:00000000000004a2 .LASF40
     /tmp/cc5tsL4D.s:4872   .debug_str:000000000000097e .LASF41
     /tmp/cc5tsL4D.s:4850   .debug_str:00000000000008c3 .LASF42
     /tmp/cc5tsL4D.s:4852   .debug_str:00000000000008d6 .LASF43
     /tmp/cc5tsL4D.s:4610   .debug_str:00000000000001e9 .LASF44
     /tmp/cc5tsL4D.s:4636   .debug_str:000000000000029e .LASF45
     /tmp/cc5tsL4D.s:4690   .debug_str:000000000000043e .LASF46
     /tmp/cc5tsL4D.s:4698   .debug_str:000000000000049c .LASF47
     /tmp/cc5tsL4D.s:4630   .debug_str:000000000000027e .LASF48
     /tmp/cc5tsL4D.s:4946   .debug_str:0000000000000c43 .LASF49
     /tmp/cc5tsL4D.s:4786   .debug_str:000000000000072e .LASF50
     /tmp/cc5tsL4D.s:4708   .debug_str:00000000000004ee .LASF51
     /tmp/cc5tsL4D.s:4874   .debug_str:0000000000000985 .LASF52
     /tmp/cc5tsL4D.s:4572   .debug_str:00000000000000b5 .LASF53
     /tmp/cc5tsL4D.s:4842   .debug_str:0000000000000894 .LASF54
     /tmp/cc5tsL4D.s:4834   .debug_str:0000000000000864 .LASF55
     /tmp/cc5tsL4D.s:4974   .debug_str:0000000000000d2b .LASF56
     /tmp/cc5tsL4D.s:4940   .debug_str:0000000000000c1c .LASF57
     /tmp/cc5tsL4D.s:4966   .debug_str:0000000000000cd4 .LASF58
     /tmp/cc5tsL4D.s:4930   .debug_str:0000000000000be2 .LASF59
     /tmp/cc5tsL4D.s:4750   .debug_str:0000000000000612 .LASF60
     /tmp/cc5tsL4D.s:4952   .debug_str:0000000000000c85 .LASF62
     /tmp/cc5tsL4D.s:4670   .debug_str:000000000000039e .LASF64
     /tmp/cc5tsL4D.s:4802   .debug_str:000000000000079e .LASF65
     /tmp/cc5tsL4D.s:4712   .debug_str:00000000000004f9 .LASF67
     /tmp/cc5tsL4D.s:4624   .debug_str:0000000000000254 .LASF66
     /tmp/cc5tsL4D.s:4758   .debug_str:000000000000065e .LASF68
     /tmp/cc5tsL4D.s:4878   .debug_str:00000000000009a2 .LASF69
     /tmp/cc5tsL4D.s:4774   .debug_str:00000000000006cd .LASF70
     /tmp/cc5tsL4D.s:4710   .debug_str:00000000000004f3 .LASF112
     /tmp/cc5tsL4D.s:4606   .debug_str:00000000000001ca .LASF71
     /tmp/cc5tsL4D.s:4586   .debug_str:0000000000000133 .LASF72
     /tmp/cc5tsL4D.s:4722   .debug_str:0000000000000567 .LASF73
     /tmp/cc5tsL4D.s:4790   .debug_str:0000000000000748 .LASF75
     /tmp/cc5tsL4D.s:4706   .debug_str:00000000000004d2 .LASF95
     /tmp/cc5tsL4D.s:4840   .debug_str:000000000000088a .LASF97
     /tmp/cc5tsL4D.s:4922   .debug_str:0000000000000b92 .LASF98
     /tmp/cc5tsL4D.s:4616   .debug_str:0000000000000217 .LASF76
     /tmp/cc5tsL4D.s:4782   .debug_str:0000000000000724 .LASF77
     /tmp/cc5tsL4D.s:4812   .debug_str:00000000000007df .LASF78
     /tmp/cc5tsL4D.s:4960   .debug_str:0000000000000cb4 .LASF79
     /tmp/cc5tsL4D.s:4754   .debug_str:0000000000000632 .LASF80
     /tmp/cc5tsL4D.s:4752   .debug_str:0000000000000628 .LASF81
     /tmp/cc5tsL4D.s:4574   .debug_str:00000000000000c0 .LASF83
     /tmp/cc5tsL4D.s:4884   .debug_str:00000000000009d4 .LASF82
     /tmp/cc5tsL4D.s:4652   .debug_str:0000000000000322 .LASF84
     /tmp/cc5tsL4D.s:4702   .debug_str:00000000000004b6 .LASF85
     /tmp/cc5tsL4D.s:4692   .debug_str:0000000000000450 .LASF86
     /tmp/cc5tsL4D.s:4756   .debug_str:0000000000000656 .LASF87
     /tmp/cc5tsL4D.s:4854   .debug_str:00000000000008dd .LASF88
     /tmp/cc5tsL4D.s:4584   .debug_str:000000000000011a .LASF89
GAS LISTING /tmp/cc5tsL4D.s 			page 40


     /tmp/cc5tsL4D.s:4762   .debug_str:0000000000000687 .LASF158
     /tmp/cc5tsL4D.s:4968   .debug_str:0000000000000cea .LASF160
     /tmp/cc5tsL4D.s:4798   .debug_str:0000000000000784 .LASF90
     /tmp/cc5tsL4D.s:4920   .debug_str:0000000000000b8d .LASF212
     /tmp/cc5tsL4D.s:4870   .debug_str:0000000000000979 .LASF91
     /tmp/cc5tsL4D.s:4768   .debug_str:00000000000006b7 .LASF92
     /tmp/cc5tsL4D.s:4760   .debug_str:0000000000000682 .LASF93
     /tmp/cc5tsL4D.s:4866   .debug_str:000000000000095f .LASF94
     /tmp/cc5tsL4D.s:4650   .debug_str:000000000000030b .LASF96
     /tmp/cc5tsL4D.s:4826   .debug_str:000000000000082d .LASF99
     /tmp/cc5tsL4D.s:4720   .debug_str:000000000000055e .LASF100
     /tmp/cc5tsL4D.s:4598   .debug_str:0000000000000172 .LASF101
     /tmp/cc5tsL4D.s:4740   .debug_str:00000000000005dc .LASF102
     /tmp/cc5tsL4D.s:4642   .debug_str:00000000000002c9 .LASF103
     /tmp/cc5tsL4D.s:4792   .debug_str:0000000000000758 .LASF104
     /tmp/cc5tsL4D.s:4932   .debug_str:0000000000000bec .LASF105
     /tmp/cc5tsL4D.s:4982   .debug_str:0000000000000d63 .LASF106
     /tmp/cc5tsL4D.s:4972   .debug_str:0000000000000d10 .LASF107
     /tmp/cc5tsL4D.s:4858   .debug_str:000000000000090d .LASF108
     /tmp/cc5tsL4D.s:4714   .debug_str:000000000000051b .LASF109
     /tmp/cc5tsL4D.s:4808   .debug_str:00000000000007ce .LASF110
     /tmp/cc5tsL4D.s:4564   .debug_str:0000000000000060 .LASF111
     /tmp/cc5tsL4D.s:4612   .debug_str:00000000000001fc .LASF113
     /tmp/cc5tsL4D.s:4848   .debug_str:00000000000008be .LASF114
     /tmp/cc5tsL4D.s:4568   .debug_str:00000000000000a2 .LASF115
     /tmp/cc5tsL4D.s:4770   .debug_str:00000000000006bc .LASF116
     /tmp/cc5tsL4D.s:4558   .debug_str:0000000000000036 .LASF117
     /tmp/cc5tsL4D.s:4822   .debug_str:000000000000081d .LASF118
     /tmp/cc5tsL4D.s:4618   .debug_str:0000000000000220 .LASF119
     /tmp/cc5tsL4D.s:4886   .debug_str:00000000000009dd .LASF120
     /tmp/cc5tsL4D.s:4764   .debug_str:0000000000000698 .LASF121
     /tmp/cc5tsL4D.s:4594   .debug_str:0000000000000158 .LASF122
     /tmp/cc5tsL4D.s:4916   .debug_str:0000000000000b6d .LASF123
     /tmp/cc5tsL4D.s:4626   .debug_str:000000000000026b .LASF124
     /tmp/cc5tsL4D.s:4738   .debug_str:00000000000005cb .LASF125
     /tmp/cc5tsL4D.s:4954   .debug_str:0000000000000c94 .LASF126
     /tmp/cc5tsL4D.s:4880   .debug_str:00000000000009b7 .LASF127
     /tmp/cc5tsL4D.s:4890   .debug_str:00000000000009ef .LASF128
     /tmp/cc5tsL4D.s:4578   .debug_str:00000000000000e6 .LASF129
     /tmp/cc5tsL4D.s:4796   .debug_str:0000000000000777 .LASF130
     /tmp/cc5tsL4D.s:4892   .debug_str:00000000000009fa .LASF131
     /tmp/cc5tsL4D.s:4906   .debug_str:0000000000000b1b .LASF132
     /tmp/cc5tsL4D.s:4924   .debug_str:0000000000000bae .LASF133
     /tmp/cc5tsL4D.s:4784   .debug_str:0000000000000729 .LASF213
     /tmp/cc5tsL4D.s:4646   .debug_str:00000000000002ee .LASF134
     /tmp/cc5tsL4D.s:4600   .debug_str:000000000000018f .LASF135
     /tmp/cc5tsL4D.s:4910   .debug_str:0000000000000b3c .LASF136
     /tmp/cc5tsL4D.s:4680   .debug_str:00000000000003ec .LASF137
     /tmp/cc5tsL4D.s:4726   .debug_str:000000000000057f .LASF138
     /tmp/cc5tsL4D.s:4830   .debug_str:000000000000084b .LASF139
     /tmp/cc5tsL4D.s:4898   .debug_str:0000000000000a2e .LASF140
     /tmp/cc5tsL4D.s:4976   .debug_str:0000000000000d43 .LASF141
     /tmp/cc5tsL4D.s:4666   .debug_str:0000000000000388 .LASF142
     /tmp/cc5tsL4D.s:4748   .debug_str:0000000000000602 .LASF143
     /tmp/cc5tsL4D.s:4660   .debug_str:000000000000035c .LASF144
     /tmp/cc5tsL4D.s:4562   .debug_str:0000000000000050 .LASF145
     /tmp/cc5tsL4D.s:4744   .debug_str:00000000000005ef .LASF146
GAS LISTING /tmp/cc5tsL4D.s 			page 41


     /tmp/cc5tsL4D.s:4862   .debug_str:0000000000000936 .LASF147
     /tmp/cc5tsL4D.s:4838   .debug_str:000000000000087d .LASF148
     /tmp/cc5tsL4D.s:4904   .debug_str:0000000000000b07 .LASF214
     /tmp/cc5tsL4D.s:4560   .debug_str:000000000000004b .LASF149
     /tmp/cc5tsL4D.s:4746   .debug_str:00000000000005fc .LASF150
     /tmp/cc5tsL4D.s:4912   .debug_str:0000000000000b50 .LASF151
     /tmp/cc5tsL4D.s:4658   .debug_str:0000000000000357 .LASF152
     /tmp/cc5tsL4D.s:4882   .debug_str:00000000000009cb .LASF153
     /tmp/cc5tsL4D.s:4810   .debug_str:00000000000007d7 .LASF154
     /tmp/cc5tsL4D.s:4592   .debug_str:0000000000000150 .LASF155
     /tmp/cc5tsL4D.s:4596   .debug_str:0000000000000164 .LASF156
     /tmp/cc5tsL4D.s:4732   .debug_str:0000000000000595 .LASF157
     /tmp/cc5tsL4D.s:4622   .debug_str:0000000000000246 .LASF159
     /tmp/cc5tsL4D.s:4566   .debug_str:000000000000007a .LASF161
     /tmp/cc5tsL4D.s:4632   .debug_str:0000000000000290 .LASF162
     /tmp/cc5tsL4D.s:4614   .debug_str:0000000000000204 .LASF163
     /tmp/cc5tsL4D.s:4856   .debug_str:00000000000008fc .LASF215
     /tmp/cc5tsL4D.s:4844   .debug_str:00000000000008ac .LASF164
     /tmp/cc5tsL4D.s:4964   .debug_str:0000000000000cc9 .LASF165
     /tmp/cc5tsL4D.s:4894   .debug_str:0000000000000a14 .LASF166
     /tmp/cc5tsL4D.s:4824   .debug_str:0000000000000828 .LASF167
     /tmp/cc5tsL4D.s:4682   .debug_str:0000000000000413 .LASF168
     /tmp/cc5tsL4D.s:4554   .debug_str:000000000000000b .LASF169
     /tmp/cc5tsL4D.s:4970   .debug_str:0000000000000d03 .LASF170
     /tmp/cc5tsL4D.s:4734   .debug_str:00000000000005ae .LASF171
     /tmp/cc5tsL4D.s:4800   .debug_str:000000000000078e .LASF172
     /tmp/cc5tsL4D.s:4950   .debug_str:0000000000000c61 .LASF173
     /tmp/cc5tsL4D.s:4634   .debug_str:0000000000000299 .LASF174
     /tmp/cc5tsL4D.s:4582   .debug_str:0000000000000102 .LASF175
     /tmp/cc5tsL4D.s:4888   .debug_str:00000000000009e8 .LASF176
     /tmp/cc5tsL4D.s:4608   .debug_str:00000000000001cf .LASF177
     /tmp/cc5tsL4D.s:4580   .debug_str:00000000000000fc .LASF178
     /tmp/cc5tsL4D.s:4948   .debug_str:0000000000000c48 .LASF179
     /tmp/cc5tsL4D.s:4942   .debug_str:0000000000000c26 .LASF180
     /tmp/cc5tsL4D.s:4556   .debug_str:0000000000000020 .LASF181
     /tmp/cc5tsL4D.s:4686   .debug_str:000000000000042a .LASF182
     /tmp/cc5tsL4D.s:4934   .debug_str:0000000000000c0a .LASF183
     /tmp/cc5tsL4D.s:4656   .debug_str:0000000000000352 .LASF196
     /tmp/cc5tsL4D.s:4590   .debug_str:000000000000013d .LASF197
     /tmp/cc5tsL4D.s:979    .text:0000000000000374 .LFB62
     /tmp/cc5tsL4D.s:1011   .text:0000000000000394 .LFE62
     /tmp/cc5tsL4D.s:990    .text:0000000000000380 .LBB107
     /tmp/cc5tsL4D.s:1002   .text:0000000000000388 .LBE107
     /tmp/cc5tsL4D.s:4197   .debug_loc:0000000000000000 .LLST33
     /tmp/cc5tsL4D.s:923    .text:0000000000000320 .LFB61
     /tmp/cc5tsL4D.s:973    .text:0000000000000374 .LFE61
     /tmp/cc5tsL4D.s:4205   .debug_loc:0000000000000024 .LLST32
     /tmp/cc5tsL4D.s:939    .text:000000000000033c .LVL71
     /tmp/cc5tsL4D.s:951    .text:0000000000000354 .LVL74
     /tmp/cc5tsL4D.s:970    .text:0000000000000370 .LVL76
     /tmp/cc5tsL4D.s:73     .text:0000000000000028 .LFB60
     /tmp/cc5tsL4D.s:917    .text:0000000000000320 .LFE60
     /tmp/cc5tsL4D.s:4868   .debug_str:0000000000000972 .LASF184
     /tmp/cc5tsL4D.s:4232   .debug_loc:000000000000006a .LLST1
     /tmp/cc5tsL4D.s:4524   .debug_ranges:0000000000000000 .Ldebug_ranges0
     /tmp/cc5tsL4D.s:4938   .debug_str:0000000000000c17 .LASF185
     /tmp/cc5tsL4D.s:4944   .debug_str:0000000000000c3b .LASF186
GAS LISTING /tmp/cc5tsL4D.s 			page 42


     /tmp/cc5tsL4D.s:4576   .debug_str:00000000000000e1 .LASF187
     /tmp/cc5tsL4D.s:4251   .debug_loc:00000000000000c6 .LLST4
     /tmp/cc5tsL4D.s:4674   .debug_str:00000000000003c8 .LASF188
     /tmp/cc5tsL4D.s:4258   .debug_loc:00000000000000e9 .LLST5
     /tmp/cc5tsL4D.s:4277   .debug_loc:0000000000000145 .LLST6
     /tmp/cc5tsL4D.s:4284   .debug_loc:0000000000000168 .LLST7
     /tmp/cc5tsL4D.s:4678   .debug_str:00000000000003e4 .LASF189
     /tmp/cc5tsL4D.s:4291   .debug_loc:000000000000018b .LLST8
     /tmp/cc5tsL4D.s:4298   .debug_loc:00000000000001ae .LLST9
     /tmp/cc5tsL4D.s:4305   .debug_loc:00000000000001d1 .LLST10
     /tmp/cc5tsL4D.s:4312   .debug_loc:00000000000001f4 .LLST11
     /tmp/cc5tsL4D.s:4552   .debug_str:0000000000000000 .LASF190
     /tmp/cc5tsL4D.s:4319   .debug_loc:0000000000000217 .LLST12
     /tmp/cc5tsL4D.s:4780   .debug_str:0000000000000718 .LASF191
     /tmp/cc5tsL4D.s:4330   .debug_loc:000000000000024d .LLST13
     /tmp/cc5tsL4D.s:4978   .debug_str:0000000000000d50 .LASF192
     /tmp/cc5tsL4D.s:4337   .debug_loc:0000000000000270 .LLST14
     /tmp/cc5tsL4D.s:4344   .debug_loc:0000000000000293 .LLST15
     /tmp/cc5tsL4D.s:382    .text:000000000000014c .LBB77
     /tmp/cc5tsL4D.s:399    .text:000000000000015c .LBE77
     /tmp/cc5tsL4D.s:4351   .debug_loc:00000000000002b6 .LLST16
     /tmp/cc5tsL4D.s:395    .text:0000000000000158 .LVL19
     /tmp/cc5tsL4D.s:402    .text:000000000000015c .LBB78
     /tmp/cc5tsL4D.s:427    .text:000000000000017c .LBE78
     /tmp/cc5tsL4D.s:4358   .debug_loc:00000000000002d9 .LLST17
     /tmp/cc5tsL4D.s:406    .text:0000000000000164 .LVL20
     /tmp/cc5tsL4D.s:4668   .debug_str:0000000000000394 .LASF193
     /tmp/cc5tsL4D.s:4365   .debug_loc:00000000000002fc .LLST20
     /tmp/cc5tsL4D.s:4588   .debug_str:0000000000000138 .LASF194
     /tmp/cc5tsL4D.s:4376   .debug_loc:0000000000000332 .LLST21
     /tmp/cc5tsL4D.s:608    .text:0000000000000210 .LBB82
     /tmp/cc5tsL4D.s:635    .text:000000000000022c .LBE82
     /tmp/cc5tsL4D.s:4387   .debug_loc:0000000000000368 .LLST22
     /tmp/cc5tsL4D.s:609    .text:0000000000000210 .LBB83
     /tmp/cc5tsL4D.s:617    .text:000000000000021c .LBE83
     /tmp/cc5tsL4D.s:4394   .debug_loc:000000000000038b .LLST23
     /tmp/cc5tsL4D.s:615    .text:000000000000021c .LVL38
     /tmp/cc5tsL4D.s:618    .text:000000000000021c .LBB85
     /tmp/cc5tsL4D.s:634    .text:000000000000022c .LBE85
     /tmp/cc5tsL4D.s:4402   .debug_loc:00000000000003af .LLST24
     /tmp/cc5tsL4D.s:4409   .debug_loc:00000000000003d2 .LLST25
     /tmp/cc5tsL4D.s:624    .text:0000000000000224 .LBB87
     /tmp/cc5tsL4D.s:632    .text:000000000000022c .LBE87
     /tmp/cc5tsL4D.s:4416   .debug_loc:00000000000003f5 .LLST26
     /tmp/cc5tsL4D.s:735    .text:0000000000000274 .LBB91
     /tmp/cc5tsL4D.s:770    .text:0000000000000298 .LBE91
     /tmp/cc5tsL4D.s:4425   .debug_loc:000000000000041a .LLST27
     /tmp/cc5tsL4D.s:750    .text:0000000000000284 .LVL50
     /tmp/cc5tsL4D.s:773    .text:0000000000000298 .LBB92
     /tmp/cc5tsL4D.s:808    .text:00000000000002bc .LBE92
     /tmp/cc5tsL4D.s:4436   .debug_loc:0000000000000450 .LLST28
     /tmp/cc5tsL4D.s:788    .text:00000000000002a8 .LVL55
     /tmp/cc5tsL4D.s:811    .text:00000000000002bc .LBB93
     /tmp/cc5tsL4D.s:846    .text:00000000000002e0 .LBE93
     /tmp/cc5tsL4D.s:4447   .debug_loc:0000000000000486 .LLST29
     /tmp/cc5tsL4D.s:826    .text:00000000000002cc .LVL60
     /tmp/cc5tsL4D.s:495    .text:00000000000001bc .LBB79
GAS LISTING /tmp/cc5tsL4D.s 			page 43


     /tmp/cc5tsL4D.s:504    .text:00000000000001c4 .LBE79
     /tmp/cc5tsL4D.s:4458   .debug_loc:00000000000004bc .LLST18
     /tmp/cc5tsL4D.s:4466   .debug_loc:00000000000004e0 .LLST19
     /tmp/cc5tsL4D.s:333    .text:0000000000000128 .LVL13
     /tmp/cc5tsL4D.s:363    .text:0000000000000140 .LVL16
     /tmp/cc5tsL4D.s:455    .text:0000000000000190 .LVL25
     /tmp/cc5tsL4D.s:508    .text:00000000000001cc .LVL29
     /tmp/cc5tsL4D.s:528    .text:00000000000001e0 .LVL30
     /tmp/cc5tsL4D.s:559    .text:00000000000001f8 .LVL34
     /tmp/cc5tsL4D.s:851    .text:00000000000002e8 .LVL64
     /tmp/cc5tsL4D.s:882    .text:0000000000000304 .LVL67
     /tmp/cc5tsL4D.s:177    .text:00000000000000c8 .LBB70
     /tmp/cc5tsL4D.s:192    .text:00000000000000d4 .LBE70
     /tmp/cc5tsL4D.s:198    .text:00000000000000dc .LBB72
     /tmp/cc5tsL4D.s:213    .text:00000000000000e8 .LBE72
     /tmp/cc5tsL4D.s:217    .text:00000000000000ec .LBB74
     /tmp/cc5tsL4D.s:233    .text:00000000000000f8 .LBE74
     /tmp/cc5tsL4D.s:655    .text:000000000000023c .LBB95
     /tmp/cc5tsL4D.s:666    .text:0000000000000240 .LBE95
     /tmp/cc5tsL4D.s:4473   .debug_loc:0000000000000503 .LLST30
     /tmp/cc5tsL4D.s:671    .text:0000000000000244 .LBB97
     /tmp/cc5tsL4D.s:683    .text:0000000000000248 .LBE97
     /tmp/cc5tsL4D.s:4480   .debug_loc:0000000000000526 .LLST31
     /tmp/cc5tsL4D.s:131    .text:0000000000000078 .LBB64
     /tmp/cc5tsL4D.s:172    .text:00000000000000c8 .LBE64
     /tmp/cc5tsL4D.s:4688   .debug_str:0000000000000430 .LASF195
     /tmp/cc5tsL4D.s:4487   .debug_loc:0000000000000549 .LLST2
     /tmp/cc5tsL4D.s:136    .text:0000000000000088 .LVL3
     /tmp/cc5tsL4D.s:141    .text:0000000000000094 .LVL4
     /tmp/cc5tsL4D.s:155    .text:00000000000000a8 .LVL6
     /tmp/cc5tsL4D.s:160    .text:00000000000000b4 .LVL7
     /tmp/cc5tsL4D.s:165    .text:00000000000000c4 .LVL8
     /tmp/cc5tsL4D.s:89     .text:0000000000000040 .LBB59
     /tmp/cc5tsL4D.s:105    .text:000000000000004c .LBE59
     /tmp/cc5tsL4D.s:891    .text:0000000000000308 .LBB65
     /tmp/cc5tsL4D.s:906    .text:0000000000000314 .LBE65
     /tmp/cc5tsL4D.s:4494   .debug_loc:000000000000056c .LLST3
     /tmp/cc5tsL4D.s:911    .text:000000000000031c .LVL70
     /tmp/cc5tsL4D.s:10     .text:0000000000000000 .LFB59
     /tmp/cc5tsL4D.s:56     .text:0000000000000028 .LFE59
     /tmp/cc5tsL4D.s:22     .text:000000000000000c .LBB57
     /tmp/cc5tsL4D.s:35     .text:0000000000000014 .LBE57
     /tmp/cc5tsL4D.s:4502   .debug_loc:0000000000000590 .LLST0
     /tmp/cc5tsL4D.s:4896   .debug_str:0000000000000a19 .LASF198
     /tmp/cc5tsL4D.s:4928   .debug_str:0000000000000bdd .LASF199
     /tmp/cc5tsL4D.s:4742   .debug_str:00000000000005e4 .LASF200
     /tmp/cc5tsL4D.s:4804   .debug_str:00000000000007b3 .LASF201
     /tmp/cc5tsL4D.s:4664   .debug_str:0000000000000378 .LASF202
     /tmp/cc5tsL4D.s:4728   .debug_str:0000000000000585 .LASF203
     /tmp/cc5tsL4D.s:4828   .debug_str:0000000000000844 .LASF204
     /tmp/cc5tsL4D.s:4638   .debug_str:00000000000002a4 .LASF205
     /tmp/cc5tsL4D.s:4788   .debug_str:000000000000073f .LASF206
     /tmp/cc5tsL4D.s:4676   .debug_str:00000000000003d2 .LASF207
     /tmp/cc5tsL4D.s:4806   .debug_str:00000000000007c1 .LASF208
     /tmp/cc5tsL4D.s:989    .text:0000000000000380 .LVL77
     /tmp/cc5tsL4D.s:999    .text:0000000000000388 .LVL78
     /tmp/cc5tsL4D.s:941    .text:0000000000000340 .LVL72
GAS LISTING /tmp/cc5tsL4D.s 			page 44


     /tmp/cc5tsL4D.s:945    .text:0000000000000348 .LVL73
     /tmp/cc5tsL4D.s:964    .text:0000000000000368 .LVL75
     /tmp/cc5tsL4D.s:103    .text:000000000000004c .LVL2
     /tmp/cc5tsL4D.s:149    .text:0000000000000098 .LVL5
     /tmp/cc5tsL4D.s:170    .text:00000000000000c8 .LVL9
     /tmp/cc5tsL4D.s:438    .text:0000000000000180 .LVL22
     /tmp/cc5tsL4D.s:487    .text:00000000000001b0 .LVL26
     /tmp/cc5tsL4D.s:542    .text:00000000000001e8 .LVL31
     /tmp/cc5tsL4D.s:730    .text:0000000000000274 .LVL48
     /tmp/cc5tsL4D.s:231    .text:00000000000000f8 .LVL10
     /tmp/cc5tsL4D.s:239    .text:0000000000000104 .LVL11
     /tmp/cc5tsL4D.s:752    .text:0000000000000288 .LVL51
     /tmp/cc5tsL4D.s:763    .text:0000000000000290 .LVL52
     /tmp/cc5tsL4D.s:790    .text:00000000000002ac .LVL56
     /tmp/cc5tsL4D.s:801    .text:00000000000002b4 .LVL57
     /tmp/cc5tsL4D.s:828    .text:00000000000002d0 .LVL61
     /tmp/cc5tsL4D.s:839    .text:00000000000002d8 .LVL62
     /tmp/cc5tsL4D.s:866    .text:00000000000002f4 .LVL65
     /tmp/cc5tsL4D.s:328    .text:0000000000000120 .LVL12
     /tmp/cc5tsL4D.s:348    .text:0000000000000134 .LVL14
     /tmp/cc5tsL4D.s:358    .text:0000000000000138 .LVL15
     /tmp/cc5tsL4D.s:444    .text:0000000000000184 .LVL23
     /tmp/cc5tsL4D.s:450    .text:0000000000000188 .LVL24
     /tmp/cc5tsL4D.s:575    .text:0000000000000208 .LVL35
     /tmp/cc5tsL4D.s:700    .text:0000000000000260 .LVL46
     /tmp/cc5tsL4D.s:719    .text:000000000000026c .LVL47
     /tmp/cc5tsL4D.s:548    .text:00000000000001ec .LVL32
     /tmp/cc5tsL4D.s:554    .text:00000000000001f0 .LVL33
     /tmp/cc5tsL4D.s:876    .text:00000000000002f8 .LVL66
     /tmp/cc5tsL4D.s:390    .text:0000000000000150 .LVL18
     /tmp/cc5tsL4D.s:425    .text:000000000000017c .LVL21
     /tmp/cc5tsL4D.s:589    .text:000000000000020c .LVL36
     /tmp/cc5tsL4D.s:646    .text:0000000000000238 .LVL41
     /tmp/cc5tsL4D.s:595    .text:0000000000000210 .LVL37
     /tmp/cc5tsL4D.s:630    .text:000000000000022c .LVL40
     /tmp/cc5tsL4D.s:623    .text:0000000000000224 .LVL39
     /tmp/cc5tsL4D.s:743    .text:0000000000000278 .LVL49
     /tmp/cc5tsL4D.s:768    .text:0000000000000298 .LVL53
     /tmp/cc5tsL4D.s:781    .text:000000000000029c .LVL54
     /tmp/cc5tsL4D.s:806    .text:00000000000002bc .LVL58
     /tmp/cc5tsL4D.s:819    .text:00000000000002c0 .LVL59
     /tmp/cc5tsL4D.s:844    .text:00000000000002e0 .LVL63
     /tmp/cc5tsL4D.s:494    .text:00000000000001bc .LVL27
     /tmp/cc5tsL4D.s:502    .text:00000000000001c4 .LVL28
     /tmp/cc5tsL4D.s:654    .text:000000000000023c .LVL42
     /tmp/cc5tsL4D.s:663    .text:0000000000000240 .LVL43
     /tmp/cc5tsL4D.s:670    .text:0000000000000244 .LVL44
     /tmp/cc5tsL4D.s:679    .text:0000000000000248 .LVL45
     /tmp/cc5tsL4D.s:890    .text:0000000000000308 .LVL68
     /tmp/cc5tsL4D.s:903    .text:0000000000000314 .LVL69
     /tmp/cc5tsL4D.s:21     .text:000000000000000c .LVL0
     /tmp/cc5tsL4D.s:32     .text:0000000000000014 .LVL1
     /tmp/cc5tsL4D.s:1020   .debug_info:0000000000000000 .Ldebug_info0
     /tmp/cc5tsL4D.s:175    .text:00000000000000c8 .LBB69
     /tmp/cc5tsL4D.s:600    .text:0000000000000210 .LBE69
     /tmp/cc5tsL4D.s:605    .text:0000000000000210 .LBB100
     /tmp/cc5tsL4D.s:684    .text:0000000000000248 .LBE100
GAS LISTING /tmp/cc5tsL4D.s 			page 45


     /tmp/cc5tsL4D.s:704    .text:0000000000000260 .LBB101
     /tmp/cc5tsL4D.s:887    .text:0000000000000308 .LBE101
     /tmp/cc5tsL4D.s:318    .text:000000000000011c .LBB76
     /tmp/cc5tsL4D.s:599    .text:0000000000000210 .LBE76
     /tmp/cc5tsL4D.s:606    .text:0000000000000210 .LBB94
     /tmp/cc5tsL4D.s:650    .text:0000000000000238 .LBE94
     /tmp/cc5tsL4D.s:705    .text:0000000000000260 .LBB99
     /tmp/cc5tsL4D.s:886    .text:0000000000000308 .LBE99
     /tmp/cc5tsL4D.s:580    .text:0000000000000208 .LBB81
     /tmp/cc5tsL4D.s:598    .text:0000000000000210 .LBE81
     /tmp/cc5tsL4D.s:607    .text:0000000000000210 .LBB89
     /tmp/cc5tsL4D.s:649    .text:0000000000000238 .LBE89
     /tmp/cc5tsL4D.s:721    .text:000000000000026c .LBB90
     /tmp/cc5tsL4D.s:732    .text:0000000000000274 .LBE90

UNDEFINED SYMBOLS
_Z8printStrPKc
_Z12printIntegerm
_ZN15MemoryAllocator9mem_allocEm
_ZN15MemoryAllocator8mem_freeEPv
_ZN3TCB12thread_startEPS_
_ZN3TCB16createMainThreadEv
_ZN3TCB7runningE
_ZN3TCB12createThreadEPFvPvES0_
_ZN3TCB8dispatchEv
_ZN3TCB19createThreadNoStartEPFvPvES0_
_ZN11MySemaphore5closeEv
_ZN11MySemaphore4waitEv
_ZN11MySemaphore6signalEv
__getc
__putc
console_handler
plic_claim
plic_complete
